"Record Number","Record Type","Licensee Name","Address","Expiration Date","Status","Home Delivery","Disciplinary Action",
"PC-000893","Provisioning Center - License","Pure Lapeer","1330 Imlay City RD Unit A-D, Lapeer MI 48446","10/28/2026","Active",,,
"PC-000891","Provisioning Center - License","House Of Dank Lapeer","200 E. Genesee ST Unit 1 & 2, Lapeer MI 48446","10/24/2026","Active",,,
"PC-000892","Provisioning Center - License","JARS Cannabis","1035 W 12 Mile RD, Madison Heights MI 48071","10/21/2026","Active",,,
"PC-000889","Provisioning Center - License","LaHaze Cannabis Company","217 Mill ST, Cheboygan MI 49721","08/07/2026","Active",,,
"PC-000890","Provisioning Center - License","Moses Roses","5806 Dixie HWY, Waterford MI 48329","08/01/2026","Active",,,
"PC-000887","Provisioning Center - License","The Jazz Club Center","1333 Imlay City RD, Lapeer MI 48446","03/31/2026","Active",,,
"PC-000886","Provisioning Center - License","JARS Cannabis","45221 Utica Park BLVD Suite A, Utica MI 48315","03/12/2026","Active",,,
"PC-000885","Provisioning Center - License","Lef Cannabis Co","653 S Lapeer RD, Oxford MI 48371","11/21/2025","Closed",,,
"PC-000884","Provisioning Center - License","JARS Cannabis","3520 Okemos RD Suite 10, Okemos MI 48864","09/25/2026","Active",,,
"PC-000883","Provisioning Center - License","Pincanna","2207 S Mission ST, Mt. Pleasant MI 48858","12/23/2025","Active",,,
"PC-000882","Provisioning Center - License","Biogold Dispo powered by Tranquility Fields","1825 E US Highway 2, Norway MI 49870","08/09/2026","Active",,,
"PC-000881","Provisioning Center - License","875 North, LLC","875 North AVE, Battle Creek MI 49017","07/24/2025","Closed",,,
"PC-000879","Provisioning Center - License","Hazed Cannabis","1115 Corunna AVE, Owosso MI 48867","07/03/2025","Closed","Approved",,
"PC-000877","Provisioning Center - License","To Infinity and Beyond!, LLC","280 N Washington ST, Oxford MI 48371","05/31/2026","Active",,,
"PC-000878","Provisioning Center - License","Apothecare Cheboygan","414 N Main ST, Cheboygan MI 49721","05/17/2026","Active",,,
"PC-000875","Provisioning Center - License","Stateline","989 E Main ST, Morenci MI 49256","12/22/2025","Active",,,
"PC-000876","Provisioning Center - License","5 & Dime","20561 Dwyer ST, Detroit MI 48234","12/22/2024","Closed","Approved","Public Documents Available",
"PC-000873","Provisioning Center - License","Motown Meds","18334 W Warren AVE, Detroit MI 48228","12/22/2024","Closed",,,
"PC-000874","Provisioning Center - License","20past4 Big Rapids","701 Maple ST, Big Rapids MI 49307","04/01/2025","Closed",,,
"PC-000871","Provisioning Center - License","JARS Cannabis","1225 S Lapeer RD, Oxford MI 48371","03/06/2026","Active","Approved",,
"PC-000870","Provisioning Center - License","APOTHECARE ANN ARBOR","2793 Plymouth RD Suite C, Ann Arbor MI 48105","02/09/2025","Closed","Approved",,
"PC-000868","Provisioning Center - License","Cloud Cannabis Company","44115 Van Dyke AVE, Utica MI 48317","08/18/2026","Active",,,
"PC-000867","Provisioning Center - License","JARS Cannabis","20731 Dequindre RD, Hazel Park MI 48030","01/29/2026","Active",,,
"PC-000865","Provisioning Center - License","Crave Cannabis Ann Arbor","3860 Research Park DR Suite A, Ann Arbor MI 48108","12/15/2025","Active",,,
"PC-000864","Provisioning Center - License","Garden Holdings PCR LLC","32330 Ford RD Suite C, Garden City MI 48135","10/10/2025","Closed",,,
"PC-000863","Provisioning Center - License","JARS Cannabis","6450 S Cedar ST, Lansing MI 48911","07/01/2024","Closed",,,
"PC-000860","Provisioning Center - License","JARS Cannabis","200 E Main ST, Owosso MI 48867","03/31/2025","Closed",,,
"PC-000861","Provisioning Center - License","Meds Cafe","100 N Main ST, Cheboygan MI 49721","03/21/2026","Active",,,
"PC-000862","Provisioning Center - License","Vibe - Quincy","133 W Chicago ST, Quincy MI 49082","06/28/2024","Closed",,,
"PC-000859","Provisioning Center - License","Top Cannabis Outlet","108 Lafayette AVE, Bay City MI 48708","06/20/2024","Closed",,,
"PC-000855","Provisioning Center - License","Moses Roses","5806 Dixie Highway, Waterford MI 48329","04/28/2024","Closed","Approved",,
"PC-000856","Provisioning Center - License","Potter's Cannabis Boutique Battle Creek","2825 Capital Avenue SW, Battle Creek MI 49015","04/27/2024","Closed",,,
"PC-000854","Provisioning Center - License","Gramz Lapeer","10 E Genesee ST, Lapeer MI 48446","12/10/2025","Active",,,
"PC-000850","Provisioning Center - License","Green Medicine Shop","500 N Lafayette ST, Greenville MI 48838","03/13/2026","Active",,,
"PC-000848","Provisioning Center - License","JAR Capital, LLC","14930 LaPlaisance RD Unit 121/122, Monroe MI 48161","03/13/2024","Closed",,,
"PC-000851","Provisioning Center - License","Pure Cannabis Outlet","15311 S. Dixie HWY, Monroe MI 48161","03/09/2024","Closed","Approved",,
"PC-000846","Provisioning Center - License","Ascend Cannabis Group","503 Century Ave SW, Grand Rapids MI 49503","07/29/2026","Active","Approved",,
"PC-000839","Provisioning Center - License","Levels of Waterford","2060 Dixie HWY Suite 100, Waterford MI 48328","02/24/2026","Active",,,
"PC-000847","Provisioning Center - License","Greenways Provisioning Center","1221 M-30, Beaverton MI 48612","06/13/2026","Active",,"Public Documents Available",
"PC-000844","Provisioning Center - License","Gage Cannabis Company","24729 Sherwood AVE, Center Line MI 48015","07/30/2025","Closed",,,
"PC-000845","Provisioning Center - License","Remedi, LLC","4898 Bald Mountain RD, Orion Township MI 48359","01/19/2024","Closed",,,
"PC-000843","Provisioning Center - License","LE Retailer, LLC","5216 S. Westnedge AVE, Portage MI 49002","01/06/2025","Closed",,,
"PC-000836","Provisioning Center - License","Hasheesh","548 S State ST, Big Rapids MI 49307","12/27/2023","Closed",,,
"PC-000826","Provisioning Center - License","High Profile Cannabis Shop","20327 Groesbeck HWY, Detroit MI 48205","12/20/2023","Closed",,,
"PC-000837","Provisioning Center - License","PLANET 420","1901 S Dort HWY, Flint MI 48503","12/16/2024","Closed","Approved",,
"PC-000802","Provisioning Center - License","Pincanna","123 E South ST, Kalamazoo MI 49007","12/23/2023","Closed",,,
"PC-000842","Provisioning Center - License","Quality Roots, Inc.","1700 Tull CT, Waterford MI 48327","12/18/2026","Active","Approved",,
"PC-000838","Provisioning Center - License","Bud Brothers Provisioning","411 Lafayette AVE, Bay City MI 48708","11/17/2023","Closed",,"Public Documents Available",
"PC-000841","Provisioning Center - License","LIV Cannabis","3769 28th St. SE, Grand Rapids MI 49512","12/09/2023","Closed","Approved",,
"PC-000835","Provisioning Center - License","Nature's Alternative","15837 Mack AVE, Detroit MI 48224","12/07/2024","Closed",,,
"PC-000823","Provisioning Center - License","Levels Provisioning of Niles","1221 S 11th ST Suite 100, Niles MI 49120","11/17/2026","Active",,,
"PC-000834","Provisioning Center - License","High Haven Retail, LLC","1205 Washington AVE Suite B, Bay City MI 48708","11/10/2023","Closed",,,
"PC-000828","Provisioning Center - License","Gage Cannabis Company","118 N Columbus ST, Jackson MI 49201","03/17/2025","Closed",,,
"PC-000831","Provisioning Center - License","Da Cut Flint","2478 S. Dort HWY, Flint MI 48507","11/03/2023","Closed","Approved",,
"PC-000829","Provisioning Center - License","BBJF, LLC","6191 W Warren AVE, Detroit MI 48210","10/20/2024","Closed",,,
"PC-000825","Provisioning Center - License","Hikers Cannabis","6295 E 36th Street, White Cloud MI 49349","10/07/2026","Active",,,
"PC-000822","Provisioning Center - License","North Coast Provisions Sault Ste. Marie","2972 W. 8th ST, Sault Ste. Marie MI 49783","10/07/2023","Closed","Approved",,
"PC-000799","Provisioning Center - License","Zoo Zoo Pros, LLC","6220 E. 8 Mile RD, Detroit MI 48234","10/07/2023","Closed",,,
"PC-000821","Provisioning Center - License","Arborside A North Coast Joint Venture","1818 Packard ST, Ann Arbor MI 48104","09/27/2025","Closed","Approved","Public Documents Available",
"PC-000824","Provisioning Center - License","STIIIZY","859 SW Capital AVE, Battle Creek MI 49015","06/09/2026","Active",,"Public Documents Available",
"PC-000776","Provisioning Center - License","The Herbalist","15514 W Warren AVE, Detroit MI 48228","09/20/2024","Closed","Approved","Public Documents Available",
"PC-000818","Provisioning Center - License","Ox Tail - Lincoln Park Inc.","1005 John A Papalas DR, Lincoln Park MI 48146","09/08/2023","Closed","Approved",,
"PC-000816","Provisioning Center - License","Weisberger Ventures II, LLC","1032 S Main ST, Adrian MI 49221","03/21/2024","Closed",,,
"PC-000812","Provisioning Center - License","Plush Companies","1005 S Maple Island RD, Muskegon MI 49442","09/01/2026","Active",,,
"PC-000809","Provisioning Center - License","Sozo Cannabis","420 E 10 Mile RD Suite A, Pleasant Ridge MI 48069","12/19/2023","Closed","Approved",,
"PC-000813","Provisioning Center - License","The Dank Warehouse","606 3rd Street, Bay City MI 48708","08/12/2023","Closed",,,
"PC-000817","Provisioning Center - License","The Dude Abides Provisioning Center","1394 S Centerville RD, Sturgis MI 49091","01/08/2026","Active",,,
"PC-000814","Provisioning Center - License","Pure Roots","5805 Beckley RD, Battle Creek MI 49015","01/17/2023","Closed",,,
"PC-000798","Provisioning Center - License","Skymint - District Park","2900 South Division AVE, Grand Rapids MI 49548","07/05/2023","Closed",,,
"PC-000810","Provisioning Center - License","Sativa Rose LLC","5730 E 8 Mile Road RD, Detroit MI 48234","07/20/2024","Closed",,,
"PC-000805","Provisioning Center - License","Classic Roots Farm","1115 Corunna AVE, Owosso MI 48867","11/18/2024","Closed","Approved",,
"PC-000811","Provisioning Center - License","JARS Cannabis","1207 E Pickard RD, Mt Pleasant MI 48858","07/13/2025","Closed","Approved",,
"PC-000807","Provisioning Center - License","JARS Cannabis","1801 Peck ST, Muskegon MI 49441","07/05/2025","Closed","Approved",,
"PC-000801","Provisioning Center - License","Nobody's Home","90 W. Main ST, Benton Harbor MI 49022","07/01/2023","Closed",,,
"PC-000804","Provisioning Center - License","Thanos, LLC","314 Munson Avenue, Traverse City MI 49686","06/24/2024","Closed",,,
"PC-000808","Provisioning Center - License","JARS Cannabis","15519 S Telegraph RD, Monroe MI 48161","04/21/2025","Closed","Approved",,
"PC-000763","Provisioning Center - License","Green Genie 3, Inc.","20046 W Warren AVE, Detroit MI 48228","06/15/2026","Active",,"Public Documents Available",
"PC-000797","Provisioning Center - License","Skymint - District Park","1050 East Main ST, Morenci MI 49256","06/11/2023","Closed",,,
"PC-000794","Provisioning Center - License","Cannabis Lupus Cafe","300 M-553 Suite 2, Sands Township MI 49855","11/19/2022","Closed",,,
"PC-000790","Provisioning Center - License","Backpack Boyz LLC","6200 E.8 Mile Rd Bldg B AKA 6240 E.8 Mile Rd, Detroit MI 48234","06/09/2024","Closed",,,
"PC-000803","Provisioning Center - License","Pure Roots","515 North Larch ST Suite A, Lansing MI 48912","01/17/2023","Closed","Approved",,
"PC-000796","Provisioning Center - License","Exclusive Monroe, Exclusive Cannabis Cookies","14750 Laplaisance RD Unit H260, Monroe MI 48161","06/08/2025","Closed","Approved","Public Documents Available",
"PC-000785","Provisioning Center - License","Sticky Muskegon","1965 Peck ST, Muskegon MI 49441","11/08/2022","Closed",,,
"PC-000800","Provisioning Center - License","Dreams Canna","28930 South Telegraph RD, Southfield MI 48034","05/24/2024","Closed","Approved",,
"PC-000795","Provisioning Center - License","Planet 59","4641 Highland RD, Waterford MI 48328","05/19/2026","Active","Approved","Public Documents Available",
"PC-000787","Provisioning Center - License","Dutch Delight, LLC","2426 E Huron RD, Au Gres MI 48703","05/18/2025","Closed",,,
"PC-000791","Provisioning Center - License","Ascend Cannabis Group","1415 Michigan AVE, East Lansing MI 48823","07/29/2026","Active","Approved",,
"PC-000663","Provisioning Center - License","Proper Leaf Cannabis Company","81057 Main ST, Memphis MI 48041","04/21/2023","Closed",,,
"PC-000784","Provisioning Center - License","Gage Cannabis Company","922 S Main ST, Adrian MI 49221","07/18/2025","Closed",,"Public Documents Available",
"PC-000793","Provisioning Center - License","Sozo Cannabis","1101 Robert T. Longway BLVD, Flint MI 48503","12/19/2023","Closed",,,
"PC-000788","Provisioning Center - License","Rair","104 North Drake RD, Kalamazoo MI 49009","10/08/2022","Closed","Approved",,
"PC-000782","Provisioning Center - License","LightSky Farms Burton","3055 E Bristol RD, Burton MI 48529","04/13/2024","Closed",,"Public Documents Available",
"PC-000775","Provisioning Center - License","Talifer Holdings, LLC","3301 W Michigan AVE, Battle Creek MI 49037","04/07/2024","Active - Late Renewal",,,
"PC-000779","Provisioning Center - License","MPP Services, LLC","2122 N MLK Blvd Suite B, Lansing MI 48906","04/05/2023","Closed",,,
"PC-000774","Provisioning Center - License","Highway 420 Holdings, LLC","3769 W. Michigan AVE, Battle Creek MI 49037","04/05/2024","Closed",,,
"PC-000783","Provisioning Center - License","LIV Cannabis","453 S Broadway ST, Lake Orion MI 48362","04/01/2025","Closed","Approved",,
"PC-000780","Provisioning Center - License","JARS Cannabis","901 W Main ST, Owosso MI 48867","03/31/2024","Closed","Approved",,
"PC-000769","Provisioning Center - License","Levels of Big Rapids","1709 S. State ST, Big Rapids MI 49307","03/21/2023","Closed",,,
"PC-000777","Provisioning Center - License","JARS Cannabis","2790 Blue Star HWY, Fennville MI 49408","04/21/2024","Closed",,,
"PC-000772","Provisioning Center - License","Lemonati","1120 East Oakland AVE, Lansing MI 48906","03/17/2023","Closed",,,
"PC-000770","Provisioning Center - License","Neighborhood Provisions","909 W Washington AVE, Alpena MI 49707","03/15/2026","Active","Approved",,
"PC-000765","Provisioning Center - License","LIV Cannabis","2625 Hilton RD Suite 100, Ferndale MI 48220","03/11/2024","Closed","Approved","Public Documents Available",
"PC-000103","Provisioning Center - License","Herbal Solutions","124 W. Michigan AVE, Ypsilanti MI 48197","03/07/2024","Closed","Approved","Public Documents Available",
"PC-000768","Provisioning Center - License","Levels of Lansing","5508 S Cedar ST, Lansing MI 48911","03/07/2026","Closed",,"Public Documents Available",
"PC-000753","Provisioning Center - License","BLOC","200 E Main ST, Benton Harbor MI 49022","03/03/2026","Active",,,
"PC-000767","Provisioning Center - License","JARS Cannabis","26700 Liberal ST Suite 1, Center Line MI 48015","04/21/2025","Closed","Approved",,
"PC-000759","Provisioning Center - License","Bud Brothers Battle Creek","537 W. Columbia AVE, Battle Creek MI 49015","11/17/2023","Closed",,"Public documents available",
"PC-000771","Provisioning Center - License","315 North","26831 Michigan AVE, Inkster MI 48141","02/16/2024","Closed","Approved",,
"PC-000533","Provisioning Center - License","Endo","307 E Beecher ST, Adrian MI 49221","10/26/2025","Active - Late Renewal","Approved",,
"PC-000766","Provisioning Center - License","Lume Cannabis Co.","26760 Lahser RD, Southfield MI 48033","03/21/2026","Active",,,
"PC-000764","Provisioning Center - License","LIV Cannabis","6285 Martin Luther King Jr. BLVD, Lansing MI 48911","02/03/2024","Closed","Approved",,
"PC-000240","Provisioning Center - License","The Noggin Shop","52324 Duncan AVE, Hubbell MI 49934","01/31/2026","Active",,,
"PC-000748","Provisioning Center - License","Redbud Roots Lab X, Inc.","225 South Michigan AVE, Big Rapids MI 49307","01/13/2023","Closed",,,
"PC-000752","Provisioning Center - License","Jade Collection of Morenci","1098 E. Main ST, Morenci MI 49256","08/18/2023","Closed",,,
"PC-000761","Provisioning Center - License","Pleasantrees Cannabis Company","1504 John A. Papalas DR, Lincoln Park MI 48146","09/25/2022","Closed",,,
"PC-000762","Provisioning Center - License","Nature's Medicines","703 E Columbia AVE, Battle Creek MI 49014","01/18/2025","Closed",,"Public Documents Available",
"PC-000756","Provisioning Center - License","BaM Body and Mind","885 E. Apple AVE, Muskegon MI 49442","01/18/2023","Closed",,,
"PC-000760","Provisioning Center - License","High Fidelity","897 North AVE, Battle Creek MI 49017","01/06/2023","Closed",,"Public Documents Available",
"PC-000758","Provisioning Center - License","Ounces","811 Broadus ST Suite 100, Sturgis MI 49091","01/03/2023","Closed",,,
"PC-000746","Provisioning Center - License","Gage Cannabis Company","2712 Portage ST, Kalamazoo MI 49001","07/18/2025","Closed",,"Public Documents Available",
"PC-000757","Provisioning Center - License","Green Pharm","812 E. 9 Mile RD, Hazel Park MI 48030","04/21/2023","Closed","Approved",,
"PC-000754","Provisioning Center - License","Sticky Ypsi","1070 N Huron River DR, Ypsilanti MI 48197","11/08/2024","Closed",,,
"PC-000749","Provisioning Center - License","Pure Roots","26673 Lawrence AVE, Center Line MI 48015","01/17/2024","Closed","Approved","Public Documents Available",
"PC-000713","Provisioning Center - License","LivWell Enlightened Health","123 E State ST, Cheboygan MI 49721","12/14/2026","Active","Approved",,
"PC-000734","Provisioning Center - License","Quest Cannabis","8475 Main ST Suite B, Whitmore Lake MI 48189","12/10/2022","Closed","Approved",,
"PC-000751","Provisioning Center - License","JARS Cannabis","101 N Groesbeck HWY, Mount Clemens MI 48043","04/21/2024","Closed","Approved",,
"PC-000743","Provisioning Center - License","High Profile Boutique Cannabis","1265 E. Laketon AVE, Muskegon MI 49442","11/19/2022","Closed",,,
"PC-000740","Provisioning Center - License","Gatsby Cannabis","2401 E Milham, Portage MI 49002","12/09/2022","Closed",,,
"PC-000727","Provisioning Center - License","Gage Cannabis Company","3825 Stadium DR, Kalamazoo MI 49008","07/30/2025","Closed","Approved","Public Documents Available",
"PC-000744","Provisioning Center - License","High Profile Boutique Cannabis","1148 Leonard NW ST, Grand Rapids MI 49504","11/19/2022","Closed","Approved",,
"PC-000750","Provisioning Center - License","STIIIZY","5303 Portage RD, Kalamazoo MI 49002","06/09/2026","Active",,,
"PC-000729","Provisioning Center - License","Sunshine Pharms, LLC","666 Leonard St NW, Grand Rapids MI 49504","11/30/2023","Closed",,,
"PC-000083","Provisioning Center - License","M.S.C.3","717 Division ST, Adrian MI 49221","11/24/2026","Active",,,
"PC-000742","Provisioning Center - License","Pleasantrees Cannabis Company","237 N River RD, Mt. Clemens MI 48043","11/23/2025","Active - Late Renewal",,,
"PC-000745","Provisioning Center - License","Cloud Cannabis Detroit","16001 Mack AVE, Detroit MI 48224","11/23/2023","Closed",,,
"PC-000731","Provisioning Center - License","NAR Monroe","14733 S Telegraph RD, Monroe Township MI 48161","11/22/2023","Closed","Approved",,
"PC-000738","Provisioning Center - License","Green Pharm Ossineke","11686 US HWY 23 S Suite 200, Ossineke MI 49766","11/22/2022","Closed",,,
"PC-000735","Provisioning Center - License","Bud Brothers Huron","3392 S. Huron RD, Bay City MI 48706","11/17/2023","Closed","Approved","Public Documents Available",
"PC-000728","Provisioning Center - License","Smoke Society Bay City","3697 Wilder RD, Bay City MI 48706","11/08/2024","Closed",,,
"PC-000716","Provisioning Center - License","The Armory of Sturgis","1103 North Centerville RD, Sturgis MI 49091","11/16/2022","Closed",,,
"PC-000736","Provisioning Center - License","Pure NB","51543 Industrial DR, New Baltimore MI 48047","11/12/2024","Closed","Approved",,
"PC-000739","Provisioning Center - License","Prosper Cannabis Company","621 Industrial DR, Constantine MI 49042","11/12/2022","Closed",,"Public documents available",
"PC-000724","Provisioning Center - License","Jars Cannabis","709 East Columbia AVE, Battle Creek MI 49014","04/21/2025","Closed","Approved",,
"PC-000733","Provisioning Center - License","Iconic Wellness & Provisioning Center","810 Broadus ST, Sturgis MI 49091","11/05/2023","Closed",,,
"PC-000723","Provisioning Center - License","Ultra Cannabis","18207 W Eight Mile RD, Detroit MI 48219","11/04/2025","Active - Late Renewal","Approved",,
"PC-000737","Provisioning Center - License","Heritage Provisioning","1864 US-23, East Tawas MI 48730","08/31/2022","Closed","Approved","Public Documents Available",
"PC-000721","Provisioning Center - License","Cloud Cannabis Kalamazoo","521 East Mosel AVE Suite A, Kalamazoo MI 49004","12/22/2023","Closed","Approved",,
"PC-000732","Provisioning Center - License","Pinnacle Emporium","421 S Main ST, Camden MI 49232","12/09/2025","Closed",,,
"PC-000718","Provisioning Center - License","The Twisted Sista, LLC","403 S Main ST, Crystal MI 48818","10/29/2022","Closed",,"Public Documents Available",
"PC-000730","Provisioning Center - License","Green Labs Provisions","10701 Madison ST, Luna Pier MI 48157","10/26/2026","Active","Approved",,
"PC-000661","Provisioning Center - License","The Grassy Knoll","2125 Lemuel ST, Muskegon MI 49444","10/25/2022","Closed",,,
"PC-000726","Provisioning Center - License","Lume Cannabis Co.","1116 E State ST, Cheboygan MI 49721","03/21/2023","Closed",,,
"PC-000722","Provisioning Center - License","Great Lakes Natural Remedies","3465 Sheridan AVE, Saginaw MI 48601","02/21/2023","Closed","Approved",,
"PC-000669","Provisioning Center - License","Elite Cannabis","3389 S Huron RD Suite 3, Bay City MI 48706","10/20/2024","Closed","Approved",,
"PC-000717","Provisioning Center - License","That's Nice Dan LLC","776 N Mill ST, Northport MI 49670","10/12/2023","Closed","Approved",,
"PC-000670","Provisioning Center - License","KAI-Apple","3737 E. Apple AVE, Muskegon MI 49442","10/11/2022","Closed",,,
"PC-000725","Provisioning Center - License","Pure Options - Lansing Frandor","125 N Clippert ST, Lansing MI 48912","10/05/2026","Active",,,
"PC-000714","Provisioning Center - License","The Chronic Michigan","23751 Hoover RD Suite A, Warren MI 48089","12/19/2025","Active",,,
"PC-000715","Provisioning Center - License","LivWell Enlightened Health","14210 Eleven Mile RD, Warren MI 48089","07/02/2026","Active",,,
"PC-000677","Provisioning Center - License","West Malcolm X, LLC","2219 West Malcolm X ST, Lansing MI 48915","09/14/2022","Closed",,"Public Documents Available",
"PC-000719","Provisioning Center - License","NOBO","107 Water ST Suite 207, Benton Harbor MI 49022","06/02/2023","Closed",,"Public Documents Available",
"PC-000666","Provisioning Center - License","Bloom City Club","2773 South Centerville RD, Sturgis MI 49091","09/10/2022","Closed",,,
"PC-000673","Provisioning Center - License","Planted Provisioning","9545 Main ST, Whitmore Lake MI 48189","09/03/2026","Active","Approved","Public Documents Available",
"PC-000675","Provisioning Center - License","Puff","2 Ajax DR, Madison Heights MI 48071","09/03/2025","Closed","Approved",,
"PC-000640","Provisioning Center - License","Homegrown Cannabis Co.","117 E Main ST, Owosso MI 48867","08/27/2026","Active","Approved",,
"PC-000674","Provisioning Center - License","Motor City Oasis, LLC","18 Enterprise DR, Vassar MI 48768","08/26/2022","Closed",,,
"PC-000651","Provisioning Center - License","Puff Utica","44825 Van Dyke AVE, Utica MI 48317","08/26/2026","Active","Approved","Public Documents Available",
"PC-000658","Provisioning Center - License","Michigan Pure Green, LLC","115 Linden Street, Big Rapids MI 49307","01/22/2023","Closed",,,
"PC-000648","Provisioning Center - License","Olswell-Kalkaska","102 Northland PLZ, Kalkaska MI 49646","07/21/2023","Closed",,,
"PC-000647","Provisioning Center - License","The Outpost Marquette","3475 US 41 West, Marquette MI 49855","03/29/2023","Closed",,,
"PC-000672","Provisioning Center - License","JARS Cannabis","3005 Packard ST, Ann Arbor MI 48108","08/12/2024","Closed","Approved",,
"PC-000652","Provisioning Center - License","Star Budz Provisioning Center LLC","7035 State RD, Millington MI 48746","08/10/2023","Closed","Approved",,
"PC-000659","Provisioning Center - License","New Standard Whitehall","812 East Colby ST Unit A, Whitehall MI 49461","05/09/2023","Closed",,,
"PC-000667","Provisioning Center - License","Pleasantrees Cannabis Company","2161 West Houghton Lake DR, Denton Township MI 48651","09/25/2022","Closed",,,
"PC-000668","Provisioning Center - License","The Clinic Detroit","13815 W 8 Mile RD, Detroit MI 48235","08/03/2024","Closed",,"Public Documents Available",
"PC-000656","Provisioning Center - License","Gage Cannabis Company","6007 Ann Arbor RD, Jackson MI 49201","07/30/2023","Closed","Approved",,
"PC-000632","Provisioning Center - License","West Coast Meds, LLC","8620 Lyndon ST, Detroit MI 48238","07/26/2023","Closed","Approved",,
"PC-000650","Provisioning Center - License","HG Lansing LLC","5508 S. Cedar ST, Lansing MI 48911","04/25/2022","Closed",,,
"PC-000653","Provisioning Center - License","JARS Cannabis","1815 Alpine AVE, Grand Rapids MI 49504","04/21/2025","Closed","Approved",,
"PC-000662","Provisioning Center - License","Timber Cannabis Co.","133 Marshall ST, Allegan MI 49010","08/18/2022","Closed","Approved",,
"PC-000606","Provisioning Center - License","JARS Cannabis","4326 W Pierson RD, Flint MI 48504","07/15/2025","Closed","Approved","Public Documents Available",
"PC-000584","Provisioning Center - License","Greentown USA, LLC","1965 Peck ST, Muskegon MI 49443","07/14/2022","Closed",,,
"PC-000654","Provisioning Center - License","Levels","23968 Sherwood AVE, Center Line MI 48015","07/13/2023","Closed","Approved",,
"PC-000602","Provisioning Center - License","Pincanna","1234 E Grand River AVE, East Lansing MI 48823","12/23/2025","Active","Approved","Public Documents Available",
"PC-000644","Provisioning Center - License","Lume Cannabis Co.","902 S Cedar ST, Kalkaska MI 49646","03/21/2022","Closed",,,
"PC-000657","Provisioning Center - License","Budz Xclusive Cannabis","5808 E McNichols RD, Detroit MI 48212","07/09/2024","Closed",,"Public Documents Available",
"PC-000649","Provisioning Center - License","Lume Cannabis Co.","119 S Stephenson AVE, Iron Mountain MI 49801","03/21/2026","Active",,,
"PC-000645","Provisioning Center - License","Consume Cannabis of Ionia","406 S Steele ST, Ionia MI 48846","07/06/2023","Closed",,"Public Documents Available",
"PC-000646","Provisioning Center - License","Level Up Investments I, LLC","1840 Sixth ST Bldg A, Muskegon MI 49441","07/06/2023","Closed",,,
"PC-000613","Provisioning Center - License","Great Lakes Natural Remedies, Inc.","240 Arthur ST, Manistee MI 49660","02/21/2023","Closed","Approved",,
"PC-000598","Provisioning Center - License","Cannabis King","3309 Associates DR, Burton MI 48529","06/25/2024","Closed",,,
"PC-000641","Provisioning Center - License","Sunset Coast Provisions","980 E State ST, Cassopolis MI 49031","06/23/2022","Closed",,,
"PC-000620","Provisioning Center - License","New Standard Ann Arbor","811 North Main ST, Ann Arbor MI 48104","06/16/2022","Closed","Approved",,
"PC-000630","Provisioning Center - License","Consume Cannabis Bay City","901 Cass AVE, Bay City MI 48708","10/30/2023","Closed",,,
"PC-000623","Provisioning Center - License","RKD Ventures, LLC","1234 N Center RD, Burton MI 48509","06/14/2025","Closed",,"Public Documents Available",
"PC-000636","Provisioning Center - License","Nirvana Operations MI, LLC","412 Washington AVE, Bay City MI 48708","06/11/2023","Closed",,,
"PC-000642","Provisioning Center - License","STIIIZY","642 E 9 Mile RD, Ferndale MI 48220","06/09/2026","Active",,,
"PC-000624","Provisioning Center - License","Top Tree Provisioning","4365 F-41, Oscoda MI 48750","06/03/2022","Closed",,,
"PC-000628","Provisioning Center - License","Geoduck, LLC","107 N Main ST, Camden MI 49232","06/01/2023","Closed",,,
"PC-000622","Provisioning Center - License","JARS Cannabis Ann Arbor","450 S Main ST Suite 1, Ann Arbor MI 48104","05/28/2024","Closed","Approved","Public Documents Available",
"PC-000639","Provisioning Center - License","Herbology Cannabis Co Detroit","471 S Schaefer HWY, Detroit MI 48217","05/27/2023","Closed",,,
"PC-000629","Provisioning Center - License","North Coast Provisions","2972 W. 8th ST, Sault Ste Marie MI 49783","07/23/2023","Closed","Approved",,
"PC-000635","Provisioning Center - License","Nature's Remedy of Ferndale, LLC","925 E Drayton ST, Ferndale MI 48220","05/21/2026","Active","Approved",,
"PC-000627","Provisioning Center - License","Rair","702 Perry AVE, Big Rapids MI 49307","10/08/2022","Closed","Approved","Public Documents Available",
"PC-000626","Provisioning Center - License","New Standard Grand Haven","1125 S Beacon BLVD Unit C, Grand Haven MI 49417","05/21/2023","Closed",,"Public Documents Available",
"PC-000631","Provisioning Center - License","Diamond Cannabis Company","816 Washington AVE Suite 303, Bay City MI 48708","05/18/2023","Closed","Approved","Public Documents Available",
"PC-000625","Provisioning Center - License","The Green Door Pleasant Plains, Inc.","6159 S. Forman RD, Baldwin MI 49304","05/18/2022","Closed",,,
"PC-000637","Provisioning Center - License","Lume Cannabis Co.","910 Razorback DR, Houghton MI 49931","03/21/2023","Closed",,,
"PC-000616","Provisioning Center - License","Joyology of Quincy","104 W Chicago ST, Quincy MI 49082","05/19/2022","Closed","Approved","Public Documents Available",
"PC-000615","Provisioning Center - License","Primitiv","1286 S 11th ST, Niles MI 49120","05/13/2022","Closed",,,
"PC-000561","Provisioning Center - License","Meds Cafe","70 Arthur ST, Manistee MI 49660","03/21/2023","Closed","Approved","Public Documents Available",
"PC-000596","Provisioning Center - License","The Botanical Co.","302 South Cedar ST, Kalkaska MI 49646","05/04/2023","Closed",,,
"PC-000585","Provisioning Center - License","Cloud Cannabis Utica","44115 Van Dyke AVE, Utica MI 48317","12/22/2023","Closed","Approved",,
"PC-000612","Provisioning Center - License","Liberty Cannabis","29600 Stephenson HWY Suite 1, Madison Heights MI 48071","10/29/2026","Active",,,
"PC-000272","Provisioning Center - License","Flint Flower of Life, Inc.","1401 E Stewart AVE, Flint MI 48505","04/30/2023","Closed",,,
"PC-000600","Provisioning Center - License","GREEN ACRES WELLNESS CENTERS RETAIL","11555 E. WARREN AVE, DETROIT MI 48214","04/30/2024","Closed",,,
"PC-000581","Provisioning Center - License","HiCloud, LLC","215 S Linn ST, Bay City MI 48706","04/28/2022","Closed",,,
"PC-000601","Provisioning Center - License","Vibe The Ultimate Cannabis Experience","29385 Cherry Hill RD, Inkster MI 48141","04/26/2025","Closed","Approved","Public Documents Available",
"PC-000593","Provisioning Center - License","Golden Greens Provisioning Center of SW Michigan","270 Crandall PKWY, Lawrence MI 49064","04/26/2023","Closed",,,
"PC-000618","Provisioning Center - License","Breeze USA","1770 E Columbia AVE Suite B, Battle Creek MI 49014","08/16/2022","Closed",,,
"PC-000619","Provisioning Center - License","Lume Cannabis Co.","208 Center AVE, Bay City MI 48708","10/22/2022","Closed","Approved",,
"PC-000610","Provisioning Center - License","Pinnacle Emporium","413 East Main ST, Edmore MI 48829","12/09/2022","Closed","Approved",,
"PC-000621","Provisioning Center - License","Puff","11397 W Jefferson AVE, River Rouge MI 48218","04/20/2023","Closed",,,
"PC-000605","Provisioning Center - License","KAI - Adrian","1579 W. Maumee ST, Adrian MI 49221","04/19/2023","Closed",,,
"PC-000611","Provisioning Center - License","BE Provisioning","901 East State ST, Cassopolis MI 49031","04/19/2023","Closed","Approved",,
"PC-000604","Provisioning Center - License","Sticky - Battle Creek","625 North AVE, Battle Creek MI 49017","11/08/2022","Closed",,"Public Documents Available",
"PC-000597","Provisioning Center - License","Michigan Pure Green, LLC","6007 Ann Arbor Road, Jackson MI 49201","01/22/2022","Closed",,,
"PC-000557","Provisioning Center - License","Flower Bowl River Rouge","10196 West Jefferson AVE, River Rouge MI 48218","04/05/2023","Closed",,"Public Documents Available",
"PC-000587","Provisioning Center - License","Green Decatur, Inc.","100 East Sherwood ST, Decatur MI 49045","03/31/2022","Closed",,,
"PC-000595","Provisioning Center - License","North Coast Provisions at Arborside","1818 Packard ST, Ann Arbor MI 48104","07/23/2023","Closed",,"Public Documents Available",
"PC-000594","Provisioning Center - License","The Outpost Crystal Falls","32 Superior AVE, Crystal Falls MI 49920","03/29/2023","Closed",,,
"PC-000599","Provisioning Center - License","Hayat CC","634 West 9 Mile RD, Hazel Park MI 48030","03/26/2023","Closed","Approved","Public Documents Available",
"PC-000592","Provisioning Center - License","NOBO","1401 East Apple AVE, Muskegon MI 49442","06/02/2023","Closed",,"Public Documents Available",
"PC-000586","Provisioning Center - License","Bazonzoes","1760 E West Maple RD, Walled Lake MI 48390","07/10/2026","Active","Approved","Public Documents Available",
"PC-000578","Provisioning Center - License","Sozo Cannabis","580 W Hackley AVE, Muskegon MI 49444","12/19/2022","Closed",,,
"PC-000471","Provisioning Center - License","Exclusive Muskegon","4515 E Apple AVE, Muskegon MI 49442","03/17/2026","Active","Approved",,
"PC-000590","Provisioning Center - License","SMOK Cannabis","7461 W 8 Mile RD, Detroit MI 48221","03/16/2026","Active","Approved",,
"PC-000582","Provisioning Center - License","Southeast Provisioning Center, LLC","14470 Livernois AVE Suite A, Detroit MI 48238","10/02/2024","Closed","Approved","Public Documents Available",
"PC-000589","Provisioning Center - License","Michigan's Top Shelf","5540 E Eight Mile RD, Detroit MI 48234","03/15/2023","Closed",,,
"PC-000512","Provisioning Center - License","A's Re-Leaf Center","137 S. Main ST, Reading MI 49274","02/21/2023","Closed",,"Public Documents Available",
"PC-000545","Provisioning Center - License","Green Buddha of Sturgis, LLC","665 SW Capital AVE, Battle Creek MI 49015","03/09/2024","Closed",,,
"PC-000583","Provisioning Center - License","Pinnacle Emporium","850 E Main ST, Morenci MI 49256","12/09/2025","Closed",,,
"PC-000574","Provisioning Center - License","The Grove Cannabis Co.","26352 Lawrence AVE, Center Line MI 48015","02/24/2025","Closed","Approved","Public Documents Available",
"PC-000434","Provisioning Center - License","Cookies Kalamazoo","2712 Portage ST, Kalamazoo MI 49001","07/30/2022","Closed","Approved",,
"PC-000572","Provisioning Center - License","Symponia Farms Inc.","1140 Harmonia RD, Battle Creek MI 49037","07/29/2022","Closed","Approved",,
"PC-000516","Provisioning Center - License","Green Buddha III, LLC","408 S. Center RD, Flint MI 48506","02/22/2022","Closed",,,
"PC-000404","Provisioning Center - License","ZAZA CANNABIS CO.","12934 Evergreen Unit 100, Detroit MI 48223","02/22/2024","Closed","Approved",,
"PC-000576","Provisioning Center - License","Shango Hazel Park","22821 S Chrysler DR, Hazel Park MI 48030","12/10/2023","Closed","Approved",,
"PC-000580","Provisioning Center - License","Fresh Water Cannabis Co.","3398 I-75 Business Spur, Sault Ste Marie MI 49783","02/18/2023","Closed","Approved",,
"PC-000569","Provisioning Center - License","Apollo Cannabis Company","19737 West Seven Mile RD, Detroit MI 48219","02/18/2024","Closed - Suspended","Approved","Public Documents Available",
"PC-000568","Provisioning Center - License","Exclusive Grand Rapids","2350 29th Street SE, Grand Rapids MI 49508","07/30/2023","Closed","Approved","Public Documents Available",
"PC-000570","Provisioning Center - License","NOBO","69411 M 62, Edwardsburg MI 49112","06/02/2023","Closed",,"Public Documents Available",
"PC-000565","Provisioning Center - License","Lucky Buds, Inc.","102 S Main ST, Crystal MI 48818","02/11/2024","Closed",,,
"PC-000562","Provisioning Center - License","Mood Cannabis Jackson","3141 Page AVE, Jackson MI 49203","02/11/2024","Closed","Approved","Public Documents Available",
"PC-000567","Provisioning Center - License","Skymint","8542 Shaver RD, Portage MI 49024","10/18/2023","Closed","Approved",,
"PC-000558","Provisioning Center - License","Local Roots Cannabis Company","120 West Grand River RD Suite B, Laingsburg MI 48848","02/05/2022","Closed",,,
"PC-000457","Provisioning Center - License","Olswell- Adrian","1465 W. Beecher ST, Adrian MI 49221","02/05/2022","Closed",,,
"PC-000573","Provisioning Center - License","Rair","1871 Peck ST, Muskegon MI 49441","10/08/2022","Closed","Approved","Public Documents Available",
"PC-000564","Provisioning Center - License","House of Dank - Saginaw","3054 E Holland RD, Saginaw MI 48601","02/03/2023","Closed",,,
"PC-000563","Provisioning Center - License","The Remedy Detroit LLC","20041 W 8 Mile RD, Detroit MI 48219","01/29/2024","Closed",,,
"PC-000548","Provisioning Center - License","Michigan Pure Green, LLC","9017 South Sprinkle RD, Portage MI 49002","01/22/2023","Closed",,,
"PC-000555","Provisioning Center - License","Lucid- Emmet Township","1125 E. Michigan AVE Suite 9, Battle Creek MI 49014","01/21/2022","Closed",,,
"PC-000552","Provisioning Center - License","Flow Provisioning LLC","918 County Rd 480, Marquette MI 49855","01/15/2022","Closed",,,
"PC-000566","Provisioning Center - License","Pinnacle Emporium","221 E Front ST, Buchanan MI 49107","12/09/2025","Closed",,,
"PC-000542","Provisioning Center - License","Joyology of Centerline","26550 Liberal ST, Center Line MI 48015","01/12/2025","Closed","Approved","Public Documents Available",
"PC-000550","Provisioning Center - License","URB Cannabis Company","124 N Water ST, Vassar MI 48768","01/11/2023","Closed","Approved",,
"PC-000560","Provisioning Center - License","The Dude Abides Provisioning Center","160 N Washington ST, Constantine MI 49042","01/08/2023","Closed",,"Public Documents Available",
"PC-000554","Provisioning Center - License","Higher Love","116 Superior AVE, Crystal Falls MI 49920","01/08/2026","Active",,,
"PC-000518","Provisioning Center - License","Constantine Wellness Center, LLC","140 S Washington ST, Constantine MI 49042","01/08/2023","Closed",,,
"PC-000484","Provisioning Center - License","1864 US-23, LLC","1864 US 23 Suite A & B, East Tawas MI 48730","01/05/2022","Closed",,,
"PC-000499","Provisioning Center - License","Redbud Roots Lab VI, Inc.","218 E Stockbridge AVE, Kalamazoo MI 49001","01/05/2023","Closed",,,
"PC-000532","Provisioning Center - License","Great Lakes Provision Center","811 Maple ST, Big Rapids MI 49307","12/29/2021","Closed","Approved",,
"PC-000556","Provisioning Center - License","Breaking Bud","449 Capital NE AVE, Battle Creek MI 49017","12/22/2023","Closed","Approved","Public Documents Available",
"PC-000537","Provisioning Center - License","Cloud Cannabis Company","356 Munson AVE, Traverse City MI 49686","05/20/2023","Closed",,,
"PC-000535","Provisioning Center - License","Sozo Cannabis","100 N Main ST, Cheboygan MI 49721","12/19/2023","Closed",,,
"PC-000551","Provisioning Center - License","Pure Options - Muskegon Township","1965 Holton RD, Muskegon MI 49445","12/17/2024","Closed",,"Public Documents Available",
"PC-000526","Provisioning Center - License","Mother Nurtures, LLC","520 South Third AVE, Big Rapids MI 49307","12/10/2021","Closed",,,
"PC-000549","Provisioning Center - License","Apothecare Ann Arbor","2793 Plymouth RD Suite C, Ann Arbor MI 48105","12/24/2023","Closed","Approved","Public documents available",
"PC-000553","Provisioning Center - License","TeeBz, LLC","1561 West Maumee ST, Adrian MI 49221","12/11/2022","Closed - Suspended",,"Public Documents Available",
"PC-000544","Provisioning Center - License","Luxury Loud Detroit","2520 22nd ST, Detroit MI 48216","09/02/2023","Closed","Approved","Public Documents Available",
"PC-000541","Provisioning Center - License","The WellFlower","217 Maple ST, Big Rapids MI 49307","12/08/2021","Closed",,,
"PC-000540","Provisioning Center - License","Cannavibes Emporium","1135 W Dickman RD, Battle Creek MI 49037","12/07/2025","Active",,"Public Documents Available",
"PC-000527","Provisioning Center - License","EZ Medz","9359 N. Dort HWY, Mt. Morris MI 48458","12/04/2023","Closed","Approved","Public Documents Available",
"PC-000534","Provisioning Center - License","Premier Provisioning Center, LLC","1023 East Caro RD, Caro MI 48723","12/04/2023","Closed","Approved","Public Documents Available",
"PC-000511","Provisioning Center - License","Dr. A's Re-Leaf Center - Cannabis Merchant","26324 US-12, Edwardsburg MI 49112","02/21/2024","Closed",,"Public Documents Available",
"PC-000529","Provisioning Center - License","Glazed and Confused","2465 US 2 S HWY, Crystal Falls MI 49920","11/25/2022","Closed",,,
"PC-000538","Provisioning Center - License","Gage Cannabis Company","3075 Peregrine Dr. NE, Grand Rapids MI 49505","07/30/2025","Closed","Approved","Public Documents Available",
"PC-000546","Provisioning Center - License","Lume Cannabis Co.","1512 N West AVE, Jackson MI 49202","03/21/2023","Closed","Approved","Public Documents Available",
"PC-000547","Provisioning Center - License","Green Bean Company, Inc.","1625 W Atherton RD, Flint MI 48507","11/21/2024","Closed",,,
"PC-000539","Provisioning Center - License","The Green House Provisioning","897 North AVE, Battle Creek MI 49017","11/19/2021","Closed","Approved",,
"PC-000536","Provisioning Center - License","The Woods Cheboygan","123 E. State ST, Cheboygan MI 49721","04/21/2022","Closed","Approved",,
"PC-000466","Provisioning Center - License","Olswell - Grand Rapids","1940 28th Street SE, Grand Rapids MI 49508","11/17/2022","Closed",,"Public Documents Available",
"PC-000522","Provisioning Center - License","Exclusive Lapeer","111 W Genesee ST, Lapeer MI 48446","11/13/2025","Active - Late Renewal","Approved","Public Documents Available",
"PC-000523","Provisioning Center - License","Lake Life Farms, Inc","208 South Michigan AVE, Big Rapids MI 49307","08/20/2022","Closed",,,
"PC-000203","Provisioning Center - License","Chronic City, LLC","6810 East McNichols RD, Detroit MI 48212","11/11/2022","Closed",,"Public Documents Available",
"PC-000498","Provisioning Center - License","Stone Depot Exceptional Cannabis","3435 East Michigan AVE, Jackson MI 49202","11/09/2022","Closed - Suspended","Approved","Public Documents Available",
"PC-000531","Provisioning Center - License","Skymint","3315 Coolidge RD, East Lansing MI 48823","10/18/2026","Active",,,
"PC-000437","Provisioning Center - License","Michiganja","230 North Charles ST, White Cloud MI 49349","11/03/2022","Closed","Approved",,
"PC-000521","Provisioning Center - License","Xplore Cannabis Company","824 S Main ST, Lapeer MI 48446","10/28/2026","Active",,,
"PC-000495","Provisioning Center - License","Sunnies","1410 North Eaton ST, Albion MI 49224","10/28/2023","Closed","Approved","Public Documents Available",
"PC-000528","Provisioning Center - License","Authentic 231","74 Arthur ST, Manistee MI 49660","08/31/2022","Closed","Approved","Public Documents Available",
"PC-000247","Provisioning Center - License","Jars Cannabis Mount Pleasant","1005 Corporate DR Suite B, Mt Pleasant MI 48858","08/29/2022","Closed","Approved","Public Documents Available",
"PC-000433","Provisioning Center - License","Gage Cannabis Company","48 Main ST, Battle Creek MI 49014","07/18/2025","Closed","Approved","Public Documents Available",
"PC-000525","Provisioning Center - License","Treehouse 603","603 E William ST, Ann Arbor MI 48104","10/22/2022","Closed","Approved","Public Documents Available",
"PC-000506","Provisioning Center - License","Only By Nature, LLC","103 N Ontario ST, DeTour Village MI 49725","10/22/2023","Closed - Suspended","Approved","Public Documents Available",
"PC-000488","Provisioning Center - License","Consume Cannabis Alma","528 W Warwick DR, Alma MI 48801","05/28/2026","Active","Approved","Public Documents Available",
"PC-000519","Provisioning Center - License","Hyde Holdings","8052 E 8 Mile RD, Detroit MI 48234","10/14/2024","Closed","Approved","Public Documents Available",
"PC-000513","Provisioning Center - License","The Botanical Co.","3535 Capital City BLVD, Lansing MI 48906","10/14/2023","Closed",,,
"PC-000476","Provisioning Center - License","The Pure Lapeer, LLC","224 E. Center ST, Alma MI 48801","06/06/2021","Closed",,"Public Documents Available",
"PC-000509","Provisioning Center - License","Consume Cannabis Harrisville","305 N State Street, Harrisville MI 48740","10/09/2025","Closed","Approved","Public Documents Available",
"PC-000517","Provisioning Center - License","Your Buds","877 E 8 Mile RD, Hazel Park MI 48030","10/07/2024","Closed","Approved","Public documents available",
"PC-000505","Provisioning Center - License","Spark Cannabis Company","1345 Prospect AVE, Caro MI 48723","10/09/2026","Active","Approved",,
"PC-000514","Provisioning Center - License","High Profile Boutique Cannabis","2301 44th SE ST Unit 2317, 2321, Grand Rapids MI 49508","10/07/2022","Closed","Approved",,
"PC-000034","Provisioning Center - License","Stay Lifted","1291 Falahee RD, Jackson MI 49203","10/05/2023","Closed",,,
"PC-000194","Provisioning Center - License","Lindzy's Med Station, Planted Provisioning,  Planted Organics","1960 W Hemphill RD, Flint MI 48507","10/05/2026","Active","Approved",,
"PC-000510","Provisioning Center - License","CANNABAY","1321 N Sherman ST, Bay City MI 48708","10/02/2021","Closed","Approved",,
"PC-000515","Provisioning Center - License","Rair","3772 Wilder RD, Bay City MI 48706","10/08/2022","Closed","Approved","Public Documents Available",
"PC-000508","Provisioning Center - License","JARS Cannabis","11347 W Jefferson AVE, River Rouge MI 48218","09/23/2026","Active","Approved",,
"PC-000310","Provisioning Center - License","Pure Canna Michigan","5829 Executive DR Suite A, Lansing MI 48911","09/18/2023","Closed",,,
"PC-000503","Provisioning Center - License","Ascend Cannabis Group","2741 28th SE ST, Grand Rapids MI 49512","07/29/2026","Active","Approved","Public Documents Available",
"PC-000504","Provisioning Center - License","KMG Ventures, LLC","775 S. Huron RD Suite A, Linwood MI 48634","09/10/2021","Closed",,,
"PC-000502","Provisioning Center - License","Green Bronco II, LLC","5747 S Westnedge AVE, Portage MI 49002","09/02/2022","Closed",,,
"PC-000477","Provisioning Center - License","7Engines","1101 East Front ST, Buchanan MI 49107","09/02/2023","Closed - Suspended",,"Public Documents Available",
"PC-000501","Provisioning Center - License","Gatsby Cannabis of Portage","2401 E Milham AVE, Portage MI 49002","08/19/2022","Closed","Approved",,
"PC-000481","Provisioning Center - License","Cloud Cannabis Company","1760 Plymouth RD, Ann Arbor MI 48105","08/26/2022","Closed","approved","Public Documents Available",
"PC-000328","Provisioning Center - License","Fire Creek","846 E. Columbia AVE, Battle Creek MI 49014","08/24/2022","Closed",,"Public Documents Available",
"PC-000497","Provisioning Center - License","Burton Cannabis Company","3365 Associates DR, Burton MI 48529","08/21/2024","Closed","Approved",,
"PC-000500","Provisioning Center - License","Mint Cannabis","730 E Cork ST, Kalamazoo MI 49001","08/19/2021","Closed",,,
"PC-000435","Provisioning Center - License","Timber Cannabis Co.","313 W. Laketon AVE, Muskegon MI 49441","08/18/2022","Closed","Approved",,
"PC-000482","Provisioning Center - License","The Botanist Michigan","8287 Southfield FWY, Detroit MI 48228","08/12/2022","Closed",,"Public Documents Available",
"PC-000478","Provisioning Center - License","The Hempire Collective","10143 N Loomis RD, Clare MI 48617","11/25/2026","Active","Approved",,
"PC-000374","Provisioning Center - License","Herbology","314 Munson AVE, Traverse City MI 49686","03/21/2023","Closed",,,
"PC-000486","Provisioning Center - License","Green Pharm Kalkaska","764 S Cedar ST, Kalkaska MI 49646","04/21/2024","Closed","Approved","Public Documents Available",
"PC-000496","Provisioning Center - License","Dacut","12668 Gratiot, Detroit MI 48205","08/11/2024","Closed","Approved","Public Documents Available",
"PC-000489","Provisioning Center - License","Bloom City Club","1193 E Michigan Ave, Battle Creek MI 49014","08/07/2021","Closed","Approved",,
"PC-000465","Provisioning Center - License","First Class Cannabis Co.","2515 N Grand River AVE, Lansing MI 48906","08/03/2023","Closed",,"Public Documents Available",
"PC-000485","Provisioning Center - License","Dunegrass Co.","28 Arthur ST, Manistee MI 49660","07/23/2022","Closed",,,
"PC-000492","Provisioning Center - License","Exclusive Kalamazoo","937 Foster AVE, Kalamazoo MI 49048","07/30/2023","Closed","Approved","Public Documents Available",
"PC-000493","Provisioning Center - License","Morenci Brothers Holding Group LLC","356 Munson AVE, Traverse City MI 49686","09/09/2021","Closed",,,
"PC-000408","Provisioning Center - License","Shango Bay City","3976 Wilder RD, Bay City MI 48708","12/10/2021","Closed","Approved",,
"PC-000428","Provisioning Center - License","3Fifteen","3423 NE Plainfield AVE, Grand Rapids MI 49525","08/09/2022","Closed","Approved","Public Documents Available",
"PC-000458","Provisioning Center - License","Olswell - Traverse City","728 E. Front ST, Traverse City MI 49686","07/21/2023","Closed","Approved","Public Documents Available",
"PC-000490","Provisioning Center - License","Pinnacle Emporium","100 S Steer ST, Addison MI 49220","12/09/2025","Closed","Approved","Public Documents Available",
"PC-000491","Provisioning Center - License","King of Budz Provisioning","10457 Gratiot AVE, Detroit MI 48213","07/10/2023","Closed","Approved","Public Documents Available",
"PC-000336","Provisioning Center - License","KAHN Cannabis Co.","1680 Clay ST Suite 300, Detroit MI 48211","07/14/2021","Closed","Approved","Public Documents Available",
"PC-000439","Provisioning Center - License","Rize","1580 N Stephenson AVE, Iron Mountain MI 49801","07/10/2026","Active",,,
"PC-000440","Provisioning Center - License","Bazonzoes","2101 W Willow ST, Lansing MI 48917","07/10/2023","Closed",,"Public Documents Available",
"PC-000425","Provisioning Center - License","Jars Cannabis","901 W Main ST, Owosso MI 48867","04/21/2022","Closed","Approved","Public Documents Available",
"PC-000487","Provisioning Center - License","Pleasantrees Cannabis Company","1950 Merritt RD, East Lansing MI 48823","09/25/2026","Active","Approved",,
"PC-000432","Provisioning Center - License","JARS Cannabis","7045 S Cedar ST, Lansing MI 48911","07/01/2024","Closed","Approved","Public Documents Available",
"PC-000474","Provisioning Center - License","Premiere Provisions","710 Perry AVE Unit T, Big Rapids MI 49307","06/30/2023","Closed",,"Public Documents Available",
"PC-000475","Provisioning Center - License","Houghton Lake Provisioning Center","1952 W. Houghton Lake DR Suite A, Prudenville MI 48651","06/24/2022","Closed",,,
"PC-000444","Provisioning Center - License","Redbud Roots Lab VIII, Inc.","1817 Commerce ST, Muskegon MI 49441","06/25/2022","Closed","Approved",,
"PC-000422","Provisioning Center - License","House of Dank TC","514 Munson AVE, Traverse City MI 49686","06/19/2023","Closed","Approved",,
"PC-000450","Provisioning Center - License","Amsterdam","11280 East Michigan AVE, Battle Creek MI 49014","06/12/2022","Closed - Suspended",,"Public Documents Available",
"PC-000416","Provisioning Center - License","Herbana","702 S. Main ST, Ann Arbor MI 48104","06/15/2021","Closed",,,
"PC-000470","Provisioning Center - License","New Standard Edmore","202 E Main ST, Edmore MI 48829","05/09/2023","Closed","Approved",,
"PC-000467","Provisioning Center - License","Skymint - District Park","20940 John R RD, Hazel Park MI 48030","06/11/2026","Active","Approved",,
"PC-000423","Provisioning Center - License","Herbology Cannabis Co. Express","261 Burke ST, River Rouge MI 48218","06/11/2023","Closed","Approved","Public Documents Available",
"PC-000413","Provisioning Center - License","Elite Wellness Jackson","6031 Ann Arbor RD, Jackson MI 49201","06/05/2024","Closed","Approved","Public Documents Available",
"PC-000332","Provisioning Center - License","Green Light District. Thetford Inc","9030 North Saginaw RD Suite 5, Mount Morris MI 48458","06/05/2023","Closed","Approved","Public Documents Available",
"PC-000469","Provisioning Center - License","Lake & Leaf","2448 Benzie HWY, Benzonia MI 49616","06/04/2022","Closed",,"Public Documents Available",
"PC-000396","Provisioning Center - License","NOBO","725 Main ST, Battle Creek MI 49014","06/02/2023","Closed",,"Public Documents Available",
"PC-000400","Provisioning Center - License","Lighthouse T C","704 S Garfield AVE, Traverse City MI 49686","10/18/2023","Closed","Approved","Public Documents Available",
"PC-000461","Provisioning Center - License","Dort Hwy Dispo","2512 E Bristol RD Unit A, Burton MI 48529","06/01/2025","Closed","Approved","Public Documents Available",
"PC-000329","Provisioning Center - License","Hashish Boyz","305 N Euclid AVE, Bay City MI 48706","06/01/2023","Closed","Approved","Public Documents Available",
"PC-000443","Provisioning Center - License","Nirvana Center Traverse City","223 Lake Ave, 1st Floor, Traverse City MI 49684","05/13/2023","Closed",,"Public Documents Available",
"PC-000460","Provisioning Center - License","ArCanna","29 Beardsley RD Suite A, Ionia MI 48846","05/29/2023","Closed","Approved",,
"PC-000451","Provisioning Center - License","Cloud Cannabis Company","2190 Whitehall RD Suite E, Muskegon MI 49445","05/20/2022","Closed","Approved",,
"PC-000468","Provisioning Center - License","Joyology of Reading","112 S Main ST, Reading MI 49274","05/19/2022","Closed","Approved","Public Documents Available",
"PC-000446","Provisioning Center - License","Puff TC","1226 S. Garfield AVE, Traverse City MI 49686","05/18/2025","Closed",,"Public Documents Available",
"PC-000455","Provisioning Center - License","Consume Cannabis Quincy","131 W Chicago ST, Quincy MI 49082","05/18/2026","Active","Approved","Public Documents Available",
"PC-000459","Provisioning Center - License","High Life Farms","3769 28th ST, Grand Rapids MI 49512","05/15/2023","Closed","Approved","Public Documents Available",
"PC-000454","Provisioning Center - License","Nirvana Center Center Line","24280 Sherwood AVE, Center Line MI 48015","05/13/2023","Closed",,"Public Documents Available",
"PC-000463","Provisioning Center - License","The Clinic Cannabis Co Center Line","26829 Lawrence AVE, Center Line MI 48015","05/12/2023","Closed","Approved","Public documents available",
"PC-000409","Provisioning Center - License","Canna Klub","2165 Ryno RD, Luzerne MI 48636","05/01/2024","Closed","Approved",,
"PC-000447","Provisioning Center - License","Gage Cannabis Company","1025 Hannah AVE, Traverse City MI 49686","07/30/2025","Closed","Approved",,
"PC-000380","Provisioning Center - License","Cannabis Lupus Cafe, LLC","300 M-553, Marquette MI 49855","04/30/2023","Closed",,"Public Documents Available",
"PC-000330","Provisioning Center - License","Burton Davison LLC","4086 Davison RD, Burton MI 48509","04/24/2021","Closed","Approved",,
"PC-000431","Provisioning Center - License","3 Fifteen","2900 South Division AVE, Grand Rapids MI 49548","08/09/2022","Closed","Approved","Public Documents Available",
"PC-000441","Provisioning Center - License","Green Pharm","719 Parsons RD, Traverse City MI 49686","04/21/2026","Active",,"Public Documents Available",
"PC-000394","Provisioning Center - License","Jars Cannabis","11400 E 8 Mile RD Suite A, Detroit MI 48205","04/21/2026","Active","Approved","Public Documents Available",
"PC-000402","Provisioning Center - License","The Woods Detroit","12625 Kercheval AVE, Detroit MI 48215","04/21/2023","Closed","Approved",,
"PC-000115","Provisioning Center - License","Michigan's Finest MMD, Inc.","39112 Van Born RD, Wayne MI 48184","04/17/2023","Closed",,"Public Documents Available",
"PC-000410","Provisioning Center - License","Lumberjack's Provisioning Center","8975 S. M-37 Hwy, Dowling MI 49050","04/16/2022","Closed",,,
"PC-000449","Provisioning Center - License","Wayne Releaf","36900 Michigan AVE, Wayne MI 48184","04/16/2026","Active","Approved","Public Documents Available",
"PC-000415","Provisioning Center - License","Pure Options - Mt. Pleasant","2157 S Mission ST Suite D & E, Mount Pleasant MI 48858","04/15/2026","Active",,,
"PC-000370","Provisioning Center - License","3Fifteen","1050 E Main ST, Morenci MI 49256","08/09/2022","Closed",,"Public Documents Available",
"PC-000388","Provisioning Center - License","Oz Cannabis","19 N. Hamilton ST, Ypsilanti MI 48197","02/05/2022","Closed","Approved",,
"PC-000418","Provisioning Center - License","Club Medz","2840 E Court Street, Flint MI 48506","03/31/2024","Closed",,"Public Documents Available",
"PC-000445","Provisioning Center - License","Lume Cannabis Co.","250 US Hwy 41 East, Negaunee MI 49866","03/21/2022","Closed","Approved",,
"PC-000426","Provisioning Center - License","Natures Holiday, LLC","3620 S. Huron Rd, Bay City MI 48706","03/30/2021","Closed",,,
"PC-000421","Provisioning Center - License","The Nest Provisioning","122 South Main ST, Camden MI 49232","03/23/2023","Closed",,,
"PC-000442","Provisioning Center - License","Addison Wellness Center","202 Steer ST, Addison MI 49220","03/26/2022","Closed",,,
"PC-000391","Provisioning Center - License","Ascend Cannabis Group","6010 B Drive North, Battle Creek MI 49014","07/29/2026","Active","Approved","Public Documents Available",
"PC-000385","Provisioning Center - License","Highly Cannaco","293 E. Columbia AVE, Battle Creek MI 49015","03/08/2021","Closed",,,
"PC-000387","Provisioning Center - License","Lume Cannabis Co.","861 N Pontiac TRL, Walled Lake MI 48390","03/21/2026","Active","Approved","Public Documents Available",
"PC-000419","Provisioning Center - License","Gage Cannabis Company","3425 S Martin Luther King Jr. BLVD, Lansing MI 48910","03/17/2025","Closed","Approved",,
"PC-000376","Provisioning Center - License","Octane Detroit","10101 Fenkell ST, Detroit MI 48238","03/17/2025","Closed","Approved",,
"PC-000348","Provisioning Center - License","Heads. Cannabis Co.","913 S Main ST, Adrian MI 49221","03/16/2026","Active","Approved",,
"PC-000424","Provisioning Center - License","Nature's ReLeaf Acme, Inc.","4144 M 72 E, Williamsburg MI 49690","03/13/2023","Closed",,,
"PC-000420","Provisioning Center - License","Lume Cannabis Co.","113 S. Michigan AVE, Big Rapids MI 49307","03/21/2022","Closed","Approved",,
"PC-000021","Provisioning Center - License","The Edge 420","4985 Page AVE, Michigan Center MI 49254","03/05/2023","Closed",,"Public Documents Available",
"PC-000227","Provisioning Center - License","Great Lakes Agro LLC","2836 S Huron RD, Kawkawlin MI 48631","03/04/2026","Active",,"Public Documents Available",
"PC-000407","Provisioning Center - License","High Profile Boutique Cannabis","262 S Maple ST, Grant MI 49327","11/19/2022","Closed","Approved",,
"PC-000406","Provisioning Center - License","Skymint, LLC","2508 South Cedar ST, Lansing MI 48910","10/18/2020","Closed","Approved",,
"PC-000398","Provisioning Center - License","Pharmhouse Wellness Co","831 Wealthy ST SW, Grand Rapids MI 49504","03/03/2026","Active","Approved","Public Documents Available",
"PC-000403","Provisioning Center - License","Nature's Finest - Battle Creek2","625 North AVE, Battle Creek MI 49017","02/28/2021","Closed",,,
"PC-000357","Provisioning Center - License","A New Standard","24906 John R RD, Hazel Park MI 48030","02/27/2026","Active","Approved",,
"PC-000369","Provisioning Center - License","Nature's Medicines","14800 Tireman AVE, Detroit MI 48228","02/27/2025","Closed","Approved","Public Documents Available",
"PC-000389","Provisioning Center - License","Green Stem, LLC","1140 S 11th ST Suite A, Niles MI 49120","02/19/2025","Closed","Approved","Public Documents Available",
"PC-000397","Provisioning Center - License","Compassionate Care by Design","8277 Arnt BLVD, Watervliet MI 49098","10/24/2022","Closed",,,
"PC-000392","Provisioning Center - License","Skymint","822 E Front ST, Traverse City MI 49686","10/18/2023","Closed","Approved",,
"PC-000399","Provisioning Center - License","Lume Cannabis Co.","738 S Main ST, Adrian MI 49221","10/22/2026","Active","Approved",,
"PC-000390","Provisioning Center - License","Ascend Cannabis Group","24363 Grand River AVE, Detroit MI 48219","07/29/2024","Closed","Approved","Public Documents Available",
"PC-000204","Provisioning Center - License","Information Entropy I(X5)","1115 Broadway ST, Ann Arbor MI 48105","02/07/2021","Closed","Approved",,
"PC-000367","Provisioning Center - License","High Profile Boutique Cannabis","617 Packard ST, Ann Arbor MI 48104","11/19/2022","Closed","Approved",,
"PC-000364","Provisioning Center - License","Great Lakes Northern Lights, LLC","719 Parsons RD, Traverse City MI 49686","02/06/2021","Closed",,,
"PC-000371","Provisioning Center - License","Oz Cannabis","16829 Harper AVE, Detroit MI 48224","02/05/2023","Closed","Approved",,
"PC-000206","Provisioning Center - License","The Flower Pot","4347 Page AVE, Michigan Center MI 49254","02/03/2025","Closed",,"Public Documents Available",
"PC-000377","Provisioning Center - License","Canna Vista Wellness","120 E Front ST, Buchanan MI 49107","01/31/2024","Closed","Approved",,
"PC-000383","Provisioning Center - License","Green Koi Douglas","435 Blue Star HWY Suite A & B, Douglas MI 49406","01/29/2024","Closed","Approved",,
"PC-000325","Provisioning Center - License","Fire Creek Bay City","3895 N Euclid AVE, Bay City MI 48706","01/28/2023","Closed",,"Public Documents Available",
"PC-000379","Provisioning Center - License","Greencare Provisioning Center","10880 W Jefferson ST, River Rouge MI 48218","01/28/2023","Closed","Approved","Public Documents Available",
"PC-000368","Provisioning Center - License","Cookies Detroit","6030 E 8 Mile RD, Detroit MI 48324","07/30/2025","Closed","Approved","Public Documents Available",
"PC-000354","Provisioning Center - License","Curaleaf","1986 South Sprinkle RD, Kalamazoo MI 49048","06/07/2024","Closed","Approved","Public Documents Available",
"PC-000393","Provisioning Center - License","Breeze USA","24517 John R RD, Hazel Park MI 48030","08/16/2023","Closed",,"Public Documents Available",
"PC-000381","Provisioning Center - License","Pure Roots LLC","3430 Washtenaw AVE, Ann Arbor MI 48104","01/17/2023","Closed","Approved",,
"PC-000042","Provisioning Center - License","Cross Street Shop","513 W Cross ST, Ypsilanti MI 48197","01/17/2023","Closed",,"Public Documents Available",
"PC-000257","Provisioning Center - License","HG Lansing, LLC","2157 S. Mission ST Suite D & E, Mt. Pleasant MI 48858","04/25/2021","Closed",,,
"PC-000386","Provisioning Center - License","Lume Cannabis Co.","116 N Washington ST, Owosso MI 48867","10/22/2024","Closed","Approved",,
"PC-000088","Provisioning Center - License","House of Dank Ypsilanti","50 Ecorse RD Suite B, Ypsilanti MI 48198","01/14/2023","Closed","Approved","Public Documents Available",
"PC-000266","Provisioning Center - License","Redbud Roots Lab X, Inc.","6669 E M 72, Williamsburg MI 49690","01/13/2023","Closed","Approved",,
"PC-000339","Provisioning Center - License","Stash Detroit","10015 W. Fort ST, Detroit MI 48209","01/13/2022","Closed","Approved","Public Documents Available",
"PC-000315","Provisioning Center - License","Fluresh LLC","1213 Phillips SW AVE, Grand Rapids MI 49507","07/16/2022","Closed","Approved",,
"PC-000282","Provisioning Center - License","Highly Cannaco","752 Munson AVE, Traverse City MI 49686","01/08/2024","Closed","Approved",,
"PC-000080","Provisioning Center - License","The Fire Station Wellness Center","9148 N Dort HWY, Mt. Morris MI 48458","01/08/2023","Closed","Approved","Public Documents Available",
"PC-000373","Provisioning Center - License","Skymint, LLC","4405 West Pierson RD, Flint MI 48504","10/18/2021","Closed","Approved","Public Documents Available",
"PC-000378","Provisioning Center - License","Lume Cannabis Co.","9899 Honor Highway, Honor MI 49640","03/21/2022","Closed","Approved",,
"PC-000308","Provisioning Center - License","Thecalmic LLC","2793 Plymouth RD Suite K, Ann Arbor MI 48105","02/03/2021","Closed","Approved",,
"PC-000295","Provisioning Center - License","Pincanna","786 South Cedar ST, Kalkaska MI 49646","12/23/2023","Closed","Approved","Public Documents Available",
"PC-000366","Provisioning Center - License","Levels of Kalamazoo","4500 W KL AVE, Kalamazoo MI 49006","12/23/2023","Closed",,"Public Documents Available",
"PC-000341","Provisioning Center - License","TeeBZ, LLC","728 E. Front ST, Traverse City MI 49686","12/23/2020","Closed",,,
"PC-000340","Provisioning Center - License","Comco Wellness","11990 Pulaski RD, Hanover MI 49241","02/21/2023","Closed","Approved","Public Documents Available",
"PC-000361","Provisioning Center - License","Harvest of Battle Creek","3769 W. Michigan AVE, Battle Creek MI 49037","12/21/2020","Closed",,,
"PC-000356","Provisioning Center - License","Quality Roots, Inc.","1028 East Michigan AVE, Battle Creek MI 49014","12/18/2022","Closed","Approved",,
"PC-000334","Provisioning Center - License","Great Lakes Natural Remedies Inc","1983 Benzie HWY, Benzonia MI 49616","02/21/2023","Closed - Suspended","Approved","Public Documents Available",
"PC-000346","Provisioning Center - License","Acme Alternative Health, LLC","2074 M 137, Interlochen MI 49643","12/10/2023","Closed",,,
"PC-000306","Provisioning Center - License","Shango Lapeer","224 E Genesee ST, Lapeer MI 48446","12/10/2023","Closed","Approved",,
"PC-000365","Provisioning Center - License","Pinnacle Emporium","1098 East Main ST Suite 1 & 2, Morenci MI 49256","12/09/2021","Closed","Approved","Public Documents Available",
"PC-000353","Provisioning Center - License","The Green Door Baldwin Inc","9116 South M-37, Baldwin MI 49304","12/03/2021","Closed","Approved","Public Documents Available",
"PC-000355","Provisioning Center - License","Curaleaf","14501 Beadle Lake RD, Battle Creek MI 49014","06/07/2023","Closed","Approved","Public Documents Available",
"PC-000187","Provisioning Center - License","Verde Bueno, LLC","9030 N Saginaw Rd Suite 4, Mount Morris MI 48458","02/01/2021","Closed",,,
"PC-000314","Provisioning Center - License","House of Dank 3","2710 Livernois AVE, Detroit MI 48209","11/25/2023","Closed","Approved","Public Documents Available",
"PC-000327","Provisioning Center - License","Canna43","33760 CR 653, Gobles MI 49055","11/20/2021","Closed","Approved",,
"PC-000253","Provisioning Center - License","The Refinery Kalamazoo","3650 Alvan RD, Kalamazoo MI 49001","11/19/2022","Closed","Approved",,
"PC-000358","Provisioning Center - License","20 Past 4","3590 Ann Arbor RD, Jackson MI 49202","11/18/2025","Active - Late Renewal","Approved","Public Documents Available",
"PC-000302","Provisioning Center - License","Highwire Farms","840 South Main ST, Adrian MI 49221","11/08/2022","Closed","Approved","Public Documents Available",
"PC-000359","Provisioning Center - License","Green Peak Industries LLC","1958 South Industrial HWY Suite A and B, Ann Arbor MI 48104","10/18/2020","Closed","Approved",,
"PC-000350","Provisioning Center - License","Med+Leaf","301 W Main ST, Hartford MI 49057","11/01/2026","Active","Approved",,
"PC-000300","Provisioning Center - License","Compassionate Care by Design","4126 Stadium DR, Kalamazoo MI 49008","10/24/2021","Closed","Approved",,
"PC-000351","Provisioning Center - License","Lume Cannabis Co.","3406 Stadium DR, Kalamazoo MI 49008","10/22/2023","Closed","Approved",,
"PC-000335","Provisioning Center - License","DOJA","4203 E Centre AVE, Portage MI 49002","10/16/2022","Closed","Approved","Public Documents Available",
"PC-000347","Provisioning Center - License","High Level Health","327 S. Main ST, Vassar MI 48768","12/07/2021","Closed",,"Public Documents Available",
"PC-000333","Provisioning Center - License","The Cured Leaf","709 S Garfield Avenue, Traverse City MI 49686","10/15/2023","Closed","Approved",,
"PC-000155","Provisioning Center - License","High Club Cannabis","14325 Wyoming ST, Detroit MI 48238","10/07/2026","Active","Approved","Public Documents Available",
"PC-000312","Provisioning Center - License","Nature's Medicines","5405 Cogswell Road, Wayne MI 48184","10/18/2026","Active","Approved","Public Documents Available",
"PC-000349","Provisioning Center - License","Green Door Alternative","7304 Michigan AVE, Detroit MI 48210","10/15/2024","Closed","Approved","Public Documents Available",
"PC-000244","Provisioning Center - License","Skymint","11999 Cleveland ST Suite A, Nunica MI 49448","12/01/2020","Closed","Approved",,
"PC-000316","Provisioning Center - License","Healing Hearts Holistic Center","20245 Van Dyke AVE, Detroit MI 48234","10/11/2021","Closed",,,
"PC-000323","Provisioning Center - License","Sticky Bay Area LLC","2245 South Huron RD, Kawkawlin MI 48631","10/11/2024","Closed - Suspended",,"Public Documents Available",
"PC-000344","Provisioning Center - License","3Fifteen","3720 Washtenaw AVE, Ann Arbor MI 48104","10/04/2022","Closed","Approved",,
"PC-000209","Provisioning Center - License","People's Choice","2247 W Liberty ST, Ann Arbor MI 48103","10/29/2022","Closed",,,
"PC-000217","Provisioning Center - License","Releaf Center for Compassionate Care","1840 Terminal RD Suite A, Niles MI 49120","10/02/2024","Closed","Approved","Public Documents Available",
"PC-000289","Provisioning Center - License","The Fire Station Cannabis Co.","162 Heritage DR, Negaunee MI 49866","10/01/2026","Active","Approved",,
"PC-000337","Provisioning Center - License","High Level Health","45 E. Huron RD, Omer MI 48749","12/07/2021","Closed",,"Public Documents Available",
"PC-000331","Provisioning Center - License","3 Fifteen","3401 Corunna RD, Flint MI 48503","08/09/2022","Active - Late Renewal","Approved","Public Documents Available",
"PC-000304","Provisioning Center - License","Gage Cannabis Company","922 South Main ST, Adrian MI 49221","07/30/2022","Closed","Approved","Public Documents Available",
"PC-000150","Provisioning Center - License","Uncle Buds Provisioning Center, LLC","11 S Huron RD, Linwood MI 48634","09/05/2023","Closed","Approved","Public Documents Available",
"PC-000215","Provisioning Center - License","House of Dank - Lapeer","200 E Genesee ST Unit 1&2, Lapeer MI 48446","09/06/2023","Closed","Approved","Public Documents Available",
"PC-000220","Provisioning Center - License","House of Dank 2","3394 S. Fort ST, Detroit MI 48217","08/30/2023","Closed","Approved","Public Documents Available",
"PC-000219","Provisioning Center - License","Oz Cannabis","3967 N. Euclid AVE, Bay City MI 48706","08/29/2022","Closed","Approved","Public Documents Available",
"PC-000264","Provisioning Center - License","The CannaBar, LLC","293 East Columbia AVE, Battle Creek MI 49015","08/28/2020","Closed","Approved",,
"PC-000262","Provisioning Center - License","Inhale LLC","15670 E. 8 Mile RD, Detroit MI 48205","08/29/2023","Closed","Approved",,
"PC-000009","Provisioning Center - License","Green Genie Inc","24600 W McNichols RD, Detroit MI 48219","08/20/2026","Active","Approved","Public Documents Available",
"PC-000285","Provisioning Center - License","Joyology of Wayne","38110 Michigan AVE, Wayne MI 48184","08/28/2023","Closed","Approved","Public Documents Available",
"PC-000326","Provisioning Center - License","3Fifteen","12800 E. 8 Mile RD, Detroit MI 48205","08/09/2023","Closed","Approved","Public Documents Available",
"PC-000322","Provisioning Center - License","Common Citizen","12604 E. Jefferson AVE, Detroit MI 48215","08/26/2023","Closed","Approved","Public Documents Available",
"PC-000324","Provisioning Center - License","Kinship Parma","2199 N Concord RD, Albion MI 49224","08/23/2021","Closed",,,
"PC-000299","Provisioning Center - License","Green Pharm Bay City","200 S Euclid AVE, Bay City MI 48706","08/22/2025","Closed","Approved","Public Documents Available",
"PC-000060","Provisioning Center - License","Depot Town Cannabis Company","35 E Cross ST, Ypsilanti MI 48198","08/22/2022","Closed",,"Public Documents Available",
"PC-000137","Provisioning Center - License","Plan B Wellness Center LLC","20101 W 8 Mile RD, Detroit MI 48219","08/19/2025","Closed","Approved","Public Documents Available",
"PC-000288","Provisioning Center - License","The Botanical CO.","1885 E US-23 HWY, East Tawas MI 48730","08/16/2023","Closed","Approved",,
"PC-000317","Provisioning Center - License","Better Provisioning Center","5303 Portage RD, Kalamazoo MI 49002","08/15/2022","Closed",,,
"PC-000201","Provisioning Center - License","BDS Medical Growers, LLC","933 N Pontiac TRL, Walled Lake MI 48390","08/15/2020","Closed",,"Public Documents Available",
"PC-000292","Provisioning Center - License","3Fifteen","1525 West Michigan AVE Suite 11 & 13, Battle Creek MI 49037","08/09/2022","Closed","Approved",,
"PC-000053","Provisioning Center - License","LIV Cannabis","1240 East Columbia AVE, Battle Creek MI 49014","08/14/2023","Closed","Approved","Public Documents Available",
"PC-000291","Provisioning Center - License","3Fifteen","2245 West Columbia AVE Suite 119 & 120, Battle Creek MI 49015","08/09/2022","Closed","Approved",,
"PC-000093","Provisioning Center - License","Light'N Up Provisioning & Microbuddery","4184 Pier North BLVD Suite A, Flint MI 48504","08/02/2023","Closed","Approved",,
"PC-000071","Provisioning Center - License","Superior Wellness LLC","2617 East Michigan AVE, Lansing MI 48912","08/02/2022","Closed",,"Public Documents Available",
"PC-000318","Provisioning Center - License","Michigan Supply and Provisions, Michigan Provisions, Ascend Cannabis Group","1096 E Main ST Suite A, Morenci MI 49256","07/29/2026","Active","Approved","Public Documents Available",
"PC-000025","Provisioning Center - License","KKind","521 E Mosel AVE Suite A, Kalamazoo MI 49004","07/26/2022","Closed","Approved",,
"PC-000283","Provisioning Center - License","North Coast Provisions","922 East Beecher ST Bldg 1, Adrian MI 49221","07/23/2024","Closed","Approved","Public Documents Available",
"PC-000234","Provisioning Center - License","Nature's ReLeaf Burton, Inc.","4086 South Dort HWY, Burton MI 48529","07/18/2023","Closed","Approved",,
"PC-000290","Provisioning Center - License","Gage Cannabis Company","1551 Academy ST, Ferndale MI 48220","07/18/2025","Closed","Approved","Public Documents Available",
"PC-000281","Provisioning Center - License","Skymint","8474 S Mason DR, Newaygo MI 49337","10/18/2022","Closed","Approved",,
"PC-000286","Provisioning Center - License","QPS 20327 Groesbeck LLC","20327 Groesbeck HWY, Detroit MI 48205","07/15/2020","Closed","Approved",,
"PC-000301","Provisioning Center - License","Freddie's","10092 N Dort HWY Suite B, Clio MI 48420","07/15/2021","Closed","Approved","Public Documents Available",
"PC-000185","Provisioning Center - License","Bella Sol Wellness Centers of Michigan, LLC","1839 Peck ST Suite B, Muskegon MI 49441","07/12/2023","Closed","Approved","Public Documents Available",
"PC-000130","Provisioning Center - License","Herbal Healing of River Rouge LLC","261 Burke ST, River Rouge MI 48218","07/09/2020","Closed","Approved",,
"PC-000041","Provisioning Center - License","Erba Care, LLC","8680 E Eight Mile Rd, Detroit MI 48234","07/09/2020","Closed",,,
"PC-000036","Provisioning Center - License","Third Coast of Ypsilanti, LLC","19 N. Hamilton ST, Ypsilanti MI 48197","07/08/2020","Closed",,,
"PC-000294","Provisioning Center - License","Skymint, LLC","4330 Wilder RD, Bay City MI 48706","07/02/2020","Closed","Approved",,
"PC-000298","Provisioning Center - License","Liv Wellness","2625 Hilton RD Suite 100, Ferndale MI 48220","06/28/2022","Closed",,"Public Documents Available",
"PC-000287","Provisioning Center - License","Terp Town Inc","2807 S. Huron RD, Kawkawlin MI 48631","06/28/2020","Closed",,,
"PC-000267","Provisioning Center - License","The Remeddi Station","302 E Huron AVE, Vassar MI 48768","02/21/2024","Closed","Approved","Public Documents Available",
"PC-000293","Provisioning Center - License","Green Buddha of Ferndale","1921 Hilton RD, Ferndale MI 48220","06/27/2023","Closed","Approved","Public Documents Available",
"PC-000269","Provisioning Center - License","Green Cross","14239 West Eight Mile RD, Detroit MI 48235","06/18/2021","Closed","Approved",,
"PC-000073","Provisioning Center - License","Edgewood Wellness LLC","134 E. Edgewood BLVD, Lansing MI 48911","06/21/2022","Closed",,"Public Documents Available",
"PC-000258","Provisioning Center - License","Consano","309 W Michigan ST, Mt Pleasant MI 48858","06/14/2022","Closed","Approved",,
"PC-000278","Provisioning Center - License","Southwest Meds","6237 Federal ST, Detroit MI 48209","04/25/2023","Closed","Approved","Public Documents Available",
"PC-000265","Provisioning Center - License","Curaleaf","2732 Jackson AVE, Ann Arbor MI 48103","06/07/2024","Closed","Approved","Public Documents Available",
"PC-000158","Provisioning Center - License","Greenways Provisioning Center","4568 M 30, Beaverton MI 48612","06/13/2026","Active","Approved","Public Documents Available",
"PC-000125","Provisioning Center - License","Green Pharm Detroit","2619 S. Schaefer HWY, Detroit MI 48217","06/10/2023","Closed","Approved","Public Documents Available",
"PC-000191","Provisioning Center - License","Curaleaf","133 West Monroe ST, Bangor MI 49013","06/07/2024","Closed","Approved","Public Documents Available",
"PC-000275","Provisioning Center - License","The Pure Lapeer, LLC","1330 Imlay City RD Unit A-D, Lapeer MI 48446","06/06/2025","Closed","Approved","Public Documents Available",
"PC-000116","Provisioning Center - License","House of Zen","14501 Mack AVE, Detroit MI 48215","06/03/2023","Closed","Approved","Public Documents Available",
"PC-000143","Provisioning Center - License","Green Guild Inc.","160 N. Washington ST, Constantine MI 49042","06/01/2020","Closed",,"Public Documents Available",
"PC-000274","Provisioning Center - License","Consume Cannabis Lapeer","2401 W Genesee ST, Lapeer MI 48446","05/28/2026","Active","Approved","Public Documents Available",
"PC-000168","Provisioning Center - License","Corner Stone Wellness","3316 South Martin Luther King Jr. BLVD, Lansing MI 48910","05/30/2020","Closed",,,
"PC-000169","Provisioning Center - License","Pure Options - Lansing Eastside","1900 East Kalamazoo ST, Lansing MI 48912","05/28/2022","Closed",,"Public Documents Available",
"PC-000181","Provisioning Center - License","Green Culture","808 South Center RD Suite D, Flint MI 48506","05/23/2023","Closed - Suspended","Approved","Public Documents Available",
"PC-000239","Provisioning Center - License","Bacco Farms, LLC","6200 N Dort HWY, Flint MI 48505","05/22/2022","Closed","Approved","Public Documents Available",
"PC-000236","Provisioning Center - License","Releaf Center for Compassionate Care Chesaning","144 W Broad ST, Chesaning MI 48616","05/20/2023","Closed","Approved","Public Documents Available",
"PC-000202","Provisioning Center - License","The Sweet Leaf","400 S Dort HWY, Flint MI 48503","05/24/2022","Closed",,"Public Documents Available",
"PC-000114","Provisioning Center - License","Weed Rx, LLC","600 West 7th ST, Evart MI 49631","05/24/2020","Closed",,,
"PC-000180","Provisioning Center - License","House of Dank 4","8600 East 8 Mile RD Suite 28, Detroit MI 48234","05/23/2023","Closed","Approved","Public Documents Available",
"PC-000192","Provisioning Center - License","Caldwell 5540 LLC","5540 East 8 Mile RD, Detroit MI 48234","08/19/2020","Closed",,"Public Documents Available",
"PC-000178","Provisioning Center - License","House of Dank Michigan LLC","3340 E 8 Mile RD, Detroit MI 48234","05/20/2024","Closed","Approved","Public Documents Available",
"PC-000165","Provisioning Center - License","420 Factory, LLC","7555 Greenfield RD, Detroit MI 48228","05/16/2025","Closed","Approved","Public Documents Available",
"PC-000090","Provisioning Center - License","Detroit Roots, Inc","12604 Jefferson, Detroit MI 48215","05/15/2020","Closed",,,
"PC-000004","Provisioning Center - License","Riverside Provisioning Grayling","11845 M 72 HWY, Grayling MI 49738","05/10/2021","Closed","Approved",,
"PC-000268","Provisioning Center - License","New Standard Exit 9","12261 Cleveland ST Suite 1, Nunica MI 49448","05/09/2023","Closed",,"Public Documents Available",
"PC-000177","Provisioning Center - License","New Standard Park Place","1922 Park ST Suite A, Muskegon MI 49441","05/09/2023","Closed","Approved","Public Documents Available",
"PC-000160","Provisioning Center - License","Pure Options - Lansing Northside","2905 North East ST, Lansing MI 48906","05/01/2023","Closed",,"Public Documents Available",
"PC-000167","Provisioning Center - License","Pure Options - Lansing South","5815 S Pennsylvania AVE, Lansing MI 48911","05/01/2026","Active","Approved","Public Documents Available",
"PC-000273","Provisioning Center - License","Puff Cannabis Company","1680 Marquette ST Suite A, Bay City MI 48706","05/01/2025","Closed","Approved","Public Documents Available",
"PC-000259","Provisioning Center - License","Motown Meds","18334 W Warren Avenue, Detroit MI 48228","02/21/2024","Closed","Approved","Public Documents Available",
"PC-000260","Provisioning Center - License","Remedii Natural Health","989 East Main ST, Morenci MI 49256","02/21/2024","Closed","Approved","Public Documents Available",
"PC-000261","Provisioning Center - License","Remedii Natural Health","3557 Wilder Road, Bay City MI 48706","02/21/2022","Closed","Approved","Public Documents Available",
"PC-000241","Provisioning Center - License","Green Peak Industries, LLC","194 N Charles ST, White Cloud MI 49349","10/18/2020","Closed","Approved",,
"PC-000256","Provisioning Center - License","High Level Health","1730 US Highway 23, East Tawas MI 48730","12/07/2021","Closed",,"Public Documents Available",
"PC-000211","Provisioning Center - License","GLH Cannabis Company","1210 East Columbia AVE, Battle Creek MI 49014","04/25/2023","Closed","Approved","Public Documents Available",
"PC-000263","Provisioning Center - License","Essence Collective","759 E Pinconning RD, Pinconning MI 48650","04/25/2025","Closed","Approved","Public Documents Available",
"PC-000199","Provisioning Center - License","Northern Roots Provisioning Center","635 S. State ST, Oscoda MI 48750","04/25/2022","Closed","Approved","Public Documents Available",
"PC-000235","Provisioning Center - License","Cannamazoo","2233 N Burdick ST, Kalamazoo MI 49007","04/25/2022","Closed","Approved","Public Documents Available",
"PC-000225","Provisioning Center - License","Green Tree Relief","124 S Main ST, Reading MI 49274","04/25/2023","Closed","Approved","Public Documents Available",
"PC-000069","Provisioning Center - License","Zen Leaf Buchanan","259 E Front ST, Buchanan MI 49107","04/25/2026","Active","Approved","Public Documents Available",
"PC-000248","Provisioning Center - License","The River","101 N Front ST Suite A, Chesaning MI 48616","04/25/2023","Closed","Approved","Public Documents Available",
"PC-000250","Provisioning Center - License","Homegrown Cannabis Co.","5025 S Pennsylvania AVE, Lansing MI 48910","04/25/2026","Active","Approved",,
"PC-000052","Provisioning Center - License","Common Citizen","310 South Averill AVE, Flint MI 48506","04/24/2023","Closed","Approved","Public Documents Available",
"PC-000228","Provisioning Center - License","Aficannado","2918 Blue Star HWY, Douglas MI 49406","04/25/2023","Closed",,,
"PC-000146","Provisioning Center - License","Detroit Compassion","14917 Gratiot AVE, Detroit MI 48205","04/25/2020","Closed",,,
"PC-000023","Provisioning Center - License","The Refinery Detroit","12641 Stout ST, Detroit MI 48223","04/25/2024","Closed","Approved","Public Documents Available",
"PC-000252","Provisioning Center - License","Michigan Organic Solutions","3549 S Dort HWY Suite 106, Flint MI 48507","03/21/2025","Closed","Approved","Public Documents Available",
"PC-000229","Provisioning Center - License","The Flower Bowl","28661 Michigan AVE, Inkster MI 48141","03/21/2026","Active","Approved","Public Documents Available",
"PC-000245","Provisioning Center - License","Lit Provisioning Centers","600 West 7th ST, Evart MI 49631","03/21/2023","Closed","Approved",,
"PC-000243","Provisioning Center - License","Green Buddha of Bangor Twp","3915 Wilder RD, Bay City MI 48706","03/21/2024","Closed",,"Public Documents Available",
"PC-000183","Provisioning Center - License","Huron View, LLC","3152 Packard ST, Ann Arbor MI 48108","03/21/2023","Closed","Approved","Public Documents Available",
"PC-000254","Provisioning Center - License","The Reef","6640 E 8 Mile RD, Detroit MI 48234","03/21/2023","Closed - Suspended","Approved","Public Documents Available",
"PC-000238","Provisioning Center - License","Meds Cafe","2352 S US 23, Rogers City MI 49779","03/21/2026","Active","Approved","Public Documents Available",
"PC-000242","Provisioning Center - License","Herbology","11392 West Jefferson AVE, River Rouge MI 48218","03/21/2023","Closed","Approved",,
"PC-000233","Provisioning Center - License","Green Door Alternative","7304 Michigan AVE, Detroit MI 48210","03/21/2020","Closed",,,
"PC-000231","Provisioning Center - License","Lake Effect Group, LLC","8314 Portage RD, Portage MI 49002","03/21/2023","Closed","Approved",,
"PC-000249","Provisioning Center - License","DOA","3650 Patterson RD, Bay City MI 48706","02/21/2022","Closed","Approved","Public Documents Available",
"PC-000226","Provisioning Center - License","Shake and Bake Detroit","20477 Schaefer HWY, Detroit MI 48235","02/21/2024","Closed","Approved","Public Documents Available",
"PC-000077","Provisioning Center - License","Fuel 420","1255 Falahee RD, Jackson MI 49203","10/29/2024","Closed",,"Public Documents Available",
"PC-000072","Provisioning Center - License","The Happiest Camper LLC","112 Main ST, Reading MI 49274","02/21/2020","Closed",,,
"PC-000122","Provisioning Center - License","Green Galaxy Meds","408 South Center RD, Flint MI 48506","02/21/2021","Closed","Approved","Public Documents Available",
"PC-000205","Provisioning Center - License","5 & Dime Detroit","20561 Dwyer ST, Detroit MI 48234","02/21/2024","Closed","Approved","Public Documents Available",
"PC-000190","Provisioning Center - License","Thrive Provisioning Center","6007 Ann Arbor RD, Jackson MI 49201","02/23/2021","Closed",,,
"PC-000232","Provisioning Center - License","Remedii","160 E Columbia Ave, Battle Creek MI 49015","02/21/2022","Closed","Approved","Public Documents Available",
"PC-000068","Provisioning Center - License","Wayne PRV, Inc.","5405 Cogswell RD, Wayne MI 48184","01/16/2020","Closed",,,
"PC-000019","Provisioning Center - License","Morenci Brothers Holding Group LLC","1096 Main ST Suite A, Morenci MI 49256","01/16/2020","Closed",,,
"PC-000075","Provisioning Center - License","Cannaisseur Provisioning Center","3200 N East ST, Lansing MI 48906","12/21/2024","Closed","Approved","Public Documents Available",
"PC-000210","Provisioning Center - License","Flower Bowl Corktown","2101 W Lafayette Blvd Suite 106, Detroit MI 48216","12/21/2024","Closed",,"Public Documents Available",
"PC-000166","Provisioning Center - License","Michigan Compassion Center LLC","1222 Glenwood AVE, Flint MI 48503","12/21/2019","Closed",,,
"PC-000156","Provisioning Center - License","The Green Door Bangor, Inc.","126 W Monroe ST, Bangor MI 49013","12/21/2021","Closed","Approved","Public Documents Available",
"PC-000207","Provisioning Center - License","Green Bronco, LLC","160 E. Columbia AVE Bldg, Battle Creek MI 49015","12/21/2019","Closed",,,
"PC-000096","Provisioning Center - License","People's Choice","3435 Michigan AVE, Jackson MI 49202","10/29/2020","Closed",,,
"PC-000097","Provisioning Center - License","People's Choice","327 Main ST, Vassar MI 48768","02/01/2019","Closed",,,
"PC-000082","Provisioning Center - License","Great Lakes Northern Lights, LLC","407 Center ST, Omer MI 48749","12/21/2019","Closed",,,
"PC-000145","Provisioning Center - License","Aim High Meds","15776 M-60 HWY, Tekonsha MI 49092","12/07/2023","Closed","Approved",,
"PC-000159","Provisioning Center - License","HG Lansing, LLC","1116 Oakland AVE, Lansing MI 48906","12/07/2019","Closed",,,
"PC-000182","Provisioning Center - License","Nature's Medicines","3480 E North Union RD, Bay City MI 48706","12/07/2024","Closed","Approved",,
"PC-000162","Provisioning Center - License","Elite Wellness Mount Morris","9423 N Dort HWY, Mt. Morris MI 48458","12/07/2023","Closed - Suspended","Approved","Public Documents Available",
"PC-000179","Provisioning Center - License","Sticky River Rouge","10307 W Jefferson AVE, River Rouge MI 48218","12/07/2022","Closed","Approved","Public Documents Available",
"PC-000056","Provisioning Center - License","MMM of A2, Inc","2793 Plymouth RD Suite K, Ann Arbor MI 48105","11/08/2019","Closed",,,
"PC-000152","Provisioning Center - License","Sticky Ypsi","1090 North Huron River DR, Ypsilanti MI 48197","11/08/2022","Closed","Approved","Public Documents Available",
"PC-000147","Provisioning Center - License","Northern Specialty Health","902 Razorback DR Suite 10 & 11, Houghton MI 49931","11/08/2021","Closed",,,
"PC-000120","Provisioning Center - License","Liberty Cannabis","2540 Rosa Parks BLVD, Detroit MI 48216","10/29/2025","Closed","Approved","Public Documents Available",
"PC-000102","Provisioning Center - License","The House of Mary Jane LLC","19154 James Couzens, Detroit MI 48235","10/29/2024","Closed","Approved","Public Documents Available",
"PC-000174","Provisioning Center - License","High Quality Provisioning Center","4700 N Huron RD Suite 1, Pinconning Township MI 48650","10/29/2021","Closed - Suspended","Approved","Public Documents Available",
"PC-000153","Provisioning Center - License","The Barn LLC","3491 E Bristol RD, Burton MI 48529","10/29/2022","Closed",,"Public Documents Available",
"PC-000050","Provisioning Center - License","Liberty Cannabis","338 South Ashley ST, Ann Arbor MI 48104","10/29/2021","Closed",,,
"PC-000134","Provisioning Center - License","Dispo","3843 N Euclid AVE, Bay City MI 48706","10/18/2024","Closed","Approved","Public Documents Available",
"PC-000108","Provisioning Center - License","Happy Life","45 E Huron Rd, Omer MI 48749","10/29/2018","Closed",,,
"PC-000035","Provisioning Center - License","Premier Provisioning Center #2","664 State RD, Vassar MI 48768","10/18/2023","Closed","Approved","Public Documents Available",
"PC-000193","Provisioning Center - License","Viola Detroit","4473 W Jefferson AVE Suite B, Detroit MI 48209","10/29/2023","Closed",,,
"PC-000149","Provisioning Center - License","Greenhaus Cannabis","3141 Page AVE, Jackson MI 49203","02/01/2021","Closed",,"Public Documents Available",
"PC-000129","Provisioning Center - License","Green House of Walled Lake","103 E Walled Lake DR, Walled Lake MI 48390","10/18/2026","Active","Approved","Public Documents Available",
"PC-000154","Provisioning Center - License","The Patient Station","539 South Huron ST, Ypsilanti MI 48197","10/18/2024","Closed","Approved","Public Documents Available",
"PC-000079","Provisioning Center - License","Utopia Gardens LLC","6541 E Lafayette ST, Detroit MI 48207","10/18/2024","Closed","Approved","Public Documents Available",
"PC-000063","Provisioning Center - License","Amplified Alternative Relief","19705 West Seven Mile RD, Detroit MI 48219","10/18/2024","Closed - Suspended","Approved","Public Documents Available",
"PC-000106","Provisioning Center - License","Five Star Relief, Inc.","9286 N Saginaw, Mt Morris MI 48458","10/18/2019","Closed",,,
"PC-000111","Provisioning Center - License","Amazing Budz, LLC","1301 S Main ST, Adrian MI 49221","10/18/2025","Active - Late Renewal","Approved","Public Documents Available",
"PC-000144","Provisioning Center - License","The Green Mile Detroit","6650 East 8 Mile RD, Detroit MI 48234","10/18/2024","Closed","Approved","Public Documents Available",
"PC-000142","Provisioning Center - License","Compassionate Care By Design","401 N Sage ST, Kalamazoo MI 49006","10/18/2022","Closed","Approved",,
"PC-000064","Provisioning Center - License","Exclusive Ann Arbor","3820 Varsity DR, Ann Arbor MI 48108","09/10/2025","Closed","Approved","Public Documents Available",
"PC-000123","Provisioning Center - License","Mission Ann Arbor","111 South Main ST Suite 1, Ann Arbor MI 48104","09/10/2024","Closed","Approved",,
"PC-000032","Provisioning Center - License","1st Quality Medz","286 Burke ST, River Rouge MI 48218","09/10/2022","Closed","Approved","Public Documents Available",
"PC-000139","Provisioning Center - License","Breedsville Provision Center, LLC","77 East Main ST, Breedsville MI 49027","09/10/2022","Closed - Suspended","Approved","Public Documents Available",
"PC-000031","Provisioning Center - License","Elite Wellness","3389 South Huron RD Suite 3, Bay City MI 48706","09/10/2021","Closed",,"Public Documents Available",
"PC-000128","Provisioning Center - License","Green Planet Patient Collective","700 Tappan AVE, Ann Arbor MI 48104","09/10/2023","Closed","Approved","Public Documents Available",
"PC-000055","Provisioning Center - License","The Station Provisioning Center, LLC","302 E Huron Ave, Vassar MI 48768","09/10/2019","Closed",,,
"PC-000024","Provisioning Center - License","THC Detroit","19533 West Warren AVE, Detroit MI 48228","09/10/2024","Closed","Approved","Public Documents Available",
"PC-000086","Provisioning Center - License","Motor City Kush Detroit","10 East 8 Mile RD, Detroit MI 48203","09/10/2023","Closed","Approved",,
"PC-000008","Provisioning Center - License","Bloom City Club","423 Miller AVE, Ann Arbor MI 48103","09/10/2026","Active","Approved",,
"PC-000033","Provisioning Center - License","Humblebee Products, LLC","6974 Ausable ST, Frederic MI 49733","09/10/2022","Closed",,,
"PC-000118","Provisioning Center - License","Choice Lab","6031 Ann Arbor RD, Jackson MI 49201","08/09/2020","Closed",,"Public Documents Available",
"PC-000006","Provisioning Center - License","Choice Labs, LLC","3331 Page AVE, Jackson MI 49203","08/09/2026","Active","Approved","Public Documents Available",
"PC-000057","Provisioning Center - License","Arbors Wellness","321 East Liberty ST, Ann Arbor MI 48104","07/12/2023","Closed","Approved",,
"PC-000054","Provisioning Center - License","5 & Dime","20561 Dwyer ST, Detroit MI 48234","08/19/2019","Closed",,,
"PC-000098","Provisioning Center - License","3Fifteen","21221 West 8 Mile RD, Detroit MI 48219","08/09/2023","Closed","Approved","Public Documents Available",
"PC-000099","Provisioning Center - License","3 Fifteen","20580 Hoover ST, Detroit MI 48205","08/09/2023","Closed","Approved","Public Documents Available",
"PC-000100","Provisioning Center - License","3 Fifteen","15308 E 8 Mile RD, Detroit MI 48205","08/09/2023","Closed","Approved","Public Documents Available",
"PC-000092","Provisioning Center - License","Bigfoot Wellness","4045 East Court ST, Burton MI 48509","08/09/2022","Closed","Approved",,
